Date,Time,Ticker,Open,High,Low,Close,Volume ,Day_close,Day_open,candle_open,Gap_down,Threshold,SL,Signal,Exit_price,Entry_price,Returns
10/23/2008 0:00,8/7/2018 13:00,$VIX,69.69,71.26,69.25,70.91,20,,,,,67.42,70.04,,,,
11/19/2008 0:00,8/7/2018 10:35,$VIX,68.32,68.84,68.32,68.7,16,,,,,67.45,68.56,,,,
11/24/2008 0:00,8/7/2018 15:45,$VIX,61.92,63.37,61.83,63.37,20,,,,,69.84,71.35,Sell,63.37,69.84,0.092640321
11/11/2008 0:00,8/7/2018 15:45,$VIX,61.87,61.87,61.26,61.27,19,,,,,59.98,63.42,,,,
10/31/2008 0:00,8/7/2018 15:45,$VIX,61.23,61.61,60.36,61.23,18,,,,,62.93,65.67,Sell,61.23,62.93,0.027014142698236186
12/3/2008 0:00,8/7/2018 15:45,$VIX,61.19,61.45,61.11,61.11,20,,,,,62.98,65.37,Sell,61.11,62.98,0.029691966
12/5/2008 0:00,8/7/2018 15:45,$VIX,60.02,60.02,59.54,59.97,19,,,,,63.64,64.9,Sell,59.97,63.64,0.057668133
12/8/2008 0:00,8/7/2018 10:15,$VIX,59.11,59.25,58.92,59.16,18,,,,,57.94,59.2,,,,
10/21/2008 0:00,8/7/2018 12:15,$VIX,56.16,56.24,55.95,56.04,19,,,,,52.95,56.18,,,,
12/11/2008 0:00,8/7/2018 9:50,$VIX,53.89,55.77,53.75,55.77,13,,,,,54.51,55.43,Sell,55.43,54.51,-0.016877637
12/12/2008 0:00,8/7/2018 15:45,$VIX,55.2,55.39,55.05,55.38,19,,,,,55.78,58.84,Sell,55.38,55.78,0.007171029
3/6/2009 0:00,8/7/2018 10:35,$VIX,49.98,50.23,49.86,50.07,20,,,,,47.69,50.17,,,,
3/9/2009 0:00,8/7/2018 15:45,$VIX,49.81,49.88,49.75,49.79,18,,,,,49.35,51.34,,,,
3/4/2009 0:00,8/7/2018 13:05,$VIX,47.83,48.07,47.83,47.87,16,,,,,47.07,48.04,,,,
1/16/2009 0:00,8/7/2018 15:45,$VIX,46.59,46.59,46.3,46.32,17,,,,,47.21,51,Sell,46.32,47.21,0.018851938
2/11/2009 0:00,8/7/2018 15:45,$VIX,44.96,44.97,44.88,44.88,12,,,,,46.03,46.67,Sell,44.88,46.03,0.024983706
1/13/2009 0:00,8/7/2018 15:45,$VIX,44.45,44.7,44.38,44.58,15,,,,,45.84,47.08,Sell,44.58,45.84,0.027486911
12/30/2008 0:00,8/7/2018 10:00,$VIX,44.1,44.29,44.1,44.1,17,,,,,43.91,44.12,,,,
3/11/2009 0:00,8/7/2018 14:15,$VIX,43.52,43.94,43.5,43.83,19,,,,,43.18,43.71,,,,
3/31/2009 0:00,8/7/2018 15:45,$VIX,43.31,43.59,43.31,43.58,13,,,,,43.73,45.54,Sell,43.58,43.73,0.003430139
12/23/2008 0:00,8/7/2018 11:25,$VIX,42.96,43.41,42.96,43.4,15,,,,,42.74,43.34,,,,
12/26/2008 0:00,8/7/2018 15:45,$VIX,43.19,43.23,43.19,43.22,12,,,,,43.82,44.36,Sell,43.22,43.82,0.013692377909630337
1/8/2009 0:00,8/7/2018 15:45,$VIX,43.08,43.09,42.95,42.95,16,,,,,43.38,44.54,Sell,42.95,43.38,0.009912402
2/12/2009 0:00,8/7/2018 15:45,$VIX,42.59,42.78,42.58,42.78,17,,,,,44.52,47.07,Sell,42.78,44.52,0.039083557951482516
1/30/2009 0:00,8/7/2018 9:55,$VIX,42.2,42.69,42.19,42.69,15,,,,,42.21,42.65,Sell,42.65,42.21,-0.01042407
1/27/2009 0:00,8/7/2018 15:45,$VIX,42.28,42.3,42.27,42.28,6,,,,,42.35,45.11,Sell,42.28,42.35,0.001652893
2/13/2009 0:00,8/7/2018 11:10,$VIX,41.1,42.11,41.09,42.11,11,,,,,41.25,41.83,Sell,41.83,41.25,-0.014060606
9/26/2011 0:00,8/7/2018 15:45,$VIX,39.5,39.5,39.3,39.35,14,,,,,40.81,41.53,Sell,39.35,40.81,0.035775545209507494
12/31/2008 0:00,8/7/2018 15:45,$VIX,38.98,39.35,38.97,39.13,19,,,,,40.85,41.63,Sell,39.13,40.85,0.042105263157894715
9/30/2008 0:00,8/7/2018 15:45,$VIX,39.28,39.28,38.91,38.92,17,,,,,42.63,43.8,Sell,38.92,42.63,0.087027915
1/6/2009 0:00,8/7/2018 10:10,$VIX,37.98,38.3,37.98,38.3,17,,,,,37.91,38.18,,,,
4/9/2009 0:00,8/7/2018 11:30,$VIX,37.44,37.65,37.44,37.64,13,,,,,37.22,37.58,,,,
4/22/2009 0:00,8/7/2018 15:45,$VIX,37.24,37.52,37.23,37.46,19,,,,,37.14,38.11,,,,
9/13/2011 0:00,8/7/2018 15:45,$VIX,36.99,37.01,36.97,36.97,8,,,,,38.42,39.36,Sell,36.97,38.42,0.037740760020822564
9/27/2011 0:00,8/7/2018 15:20,$VIX,36.42,37.04,36.39,36.98,17,,,,,36.36,36.9,,,,
4/24/2009 0:00,8/7/2018 10:20,$VIX,36.68,36.88,36.68,36.83,17,,,,,36.56,36.86,,,,
6/8/2010 0:00,8/7/2018 10:35,$VIX,36.43,36.62,36.43,36.62,13,,,,,35.83,36.56,,,,
10/7/2011 0:00,8/7/2018 11:10,$VIX,35.97,36.12,35.92,36.12,14,,,,,35.55,36.08,,,,
4/16/2009 0:00,8/7/2018 15:45,$VIX,35.63,35.72,35.6,35.72,13,,,,,36.04,36.24,Sell,35.72,36.04,0.008879023
10/20/2011 0:00,8/7/2018 10:45,$VIX,34.9,35.21,34.9,35.2,11,,,,,34.44,35.1,,,,
5/4/2009 0:00,8/7/2018 15:45,$VIX,34.84,34.96,34.84,34.91,12,,,,,35.3,36.24,Sell,34.91,35.3,0.011048158640226648
6/30/2010 0:00,8/7/2018 15:40,$VIX,33.78,34.3,33.78,34.3,17,,,,,33.07,33.95,,,,
9/7/2011 0:00,8/7/2018 15:45,$VIX,33.64,33.65,33.64,33.65,2,,,,,34.21,34.44,Sell,33.65,34.21,0.016369482607424796
11/18/2011 0:00,8/7/2018 12:05,$VIX,33.4,33.63,33.4,33.58,14,,,,,33.14,33.43,,,,
5/6/2009 0:00,8/7/2018 10:25,$VIX,33.33,33.42,33.29,33.41,13,,,,,32.9,33.36,,,,
9/19/2008 0:00,8/7/2018 11:25,$VIX,32.99,33.08,32.75,32.75,14,,,,,28.11,33.07,,,,
10/21/2011 0:00,8/7/2018 13:10,$VIX,32.76,32.91,32.76,32.82,10,,,,,32.68,32.87,,,,
9/25/2008 0:00,8/7/2018 15:45,$VIX,32.57,32.77,32.56,32.71,16,,,,,34.16,35.19,Sell,32.71,34.16,0.042447307
5/26/2010 0:00,8/7/2018 14:30,$VIX,31.94,32.61,31.92,32.5,17,,,,,30.09,32.54,,,,
5/8/2009 0:00,8/7/2018 10:20,$VIX,32.26,32.38,32.23,32.38,16,,,,,31.77,32.38,,,,
6/9/2010 0:00,8/7/2018 14:55,$VIX,32.21,32.74,32.2,32.74,17,,,,,31.64,32.33,,,,
8/29/2011 0:00,8/7/2018 15:45,$VIX,32.21,32.23,32.21,32.22,7,,,,,32.82,33.81,Sell,32.22,32.82,0.018281536
7/2/2010 0:00,8/7/2018 11:40,$VIX,31.71,31.83,31.7,31.83,12,,,,,30.67,31.77,,,,
8/15/2011 0:00,8/7/2018 15:45,$VIX,31.74,31.82,31.65,31.73,15,,,,,33.08,34.83,Sell,31.73,33.08,0.040810157
5/15/2009 0:00,8/7/2018 12:15,$VIX,31.5,31.6,31.5,31.59,11,,,,,30.92,31.54,,,,
5/22/2009 0:00,8/7/2018 14:30,$VIX,31.35,31.51,31.33,31.34,12,,,,,31.15,31.45,,,,
6/10/2010 0:00,8/7/2018 12:00,$VIX,30.93,31.07,30.88,31.07,9,,,,,30.55,31.04,,,,
11/29/2011 0:00,8/7/2018 15:45,$VIX,30.69,30.69,30.65,30.65,7,,,,,31.76,32.02,Sell,30.65,31.76,0.034949622166246946
11/3/2011 0:00,8/7/2018 15:45,$VIX,30.39,30.56,30.39,30.5,13,,,,,31.38,31.89,Sell,30.5,31.38,0.02804334
11/11/2011 0:00,8/7/2018 9:55,$VIX,29.96,29.97,29.45,29.7,15,,,,,29.59,29.93,Sell,29.93,29.59,-0.011490368
6/3/2010 0:00,8/7/2018 10:20,$VIX,29.64,29.89,29.62,29.89,15,,,,,29.43,29.82,,,,
9/2/2015 0:00,8/7/2018 11:55,$VIX,29.43,29.59,29.4,29.41,14,,,,,29.03,29.58,,,,
11/8/2011 0:00,8/7/2018 10:25,$VIX,29.46,30.06,29.46,30.06,16,,,,,29.34,29.56,,,,
7/9/2009 0:00,8/7/2018 15:45,$VIX,29.72,29.77,29.54,29.55,18,,,,,30.1,30.49,Sell,29.55,30.1,0.018272425249169458
6/5/2009 0:00,8/7/2018 11:50,$VIX,29.53,29.53,29.31,29.31,10,,,,,29.31,29.53,Sell,29.53,29.31,-0.007505971
5/18/2010 0:00,8/7/2018 10:45,$VIX,29.05,29.53,29.05,29.53,12,,,,,28.36,29.15,,,,
6/1/2009 0:00,8/7/2018 10:15,$VIX,28.81,29.03,28.8,29.03,11,,,,,28.53,28.89,,,,
6/14/2010 0:00,8/7/2018 14:15,$VIX,28.02,28.35,28.02,28.25,15,,,,,27.94,28.24,,,,
1/24/2008 0:00,8/7/2018 10:20,$VIX,27.83,28.48,27.83,28.48,13,,,,,27.65,28.07,,,,
11/4/2009 0:00,8/7/2018 15:45,$VIX,27.77,28.04,27.77,27.91,17,,,,,27.54,28.81,,,,
6/11/2009 0:00,8/7/2018 9:55,$VIX,27.03,27.51,26.97,27.51,12,,,,,27.35,27.46,Sell,27.46,27.35,-0.004021938
11/16/2007 0:00,8/7/2018 10:00,$VIX,27.22,27.76,27.22,27.75,13,,,,,26.88,27.18,,,,
7/7/2010 0:00,8/7/2018 15:45,$VIX,27.09,27.17,27.09,27.16,12,,,,,28.63,29.56,Sell,27.16,28.63,0.051344743276283585
9/1/2009 0:00,8/7/2018 11:10,$VIX,26.69,26.96,26.69,26.96,15,,,,,26.01,26.81,,,,
3/12/2008 0:00,8/7/2018 10:00,$VIX,26.47,26.59,26.16,26.53,16,,,,,26.16,26.45,Sell,26.45,26.16,-0.011085627
6/4/2012 0:00,8/7/2018 10:00,$VIX,27.26,27.41,25.75,25.8,20,,,,,25.92,26.35,Sell,26.35,25.92,-0.016589506
7/13/2009 0:00,8/7/2018 15:45,$VIX,26.3,26.36,26.25,26.32,16,,,,,27.88,28.44,Sell,26.32,27.88,0.055954089
1/25/2008 0:00,8/7/2018 10:10,$VIX,26.15,26.22,26.14,26.22,13,,,,,25.99,26.19,,,,
6/17/2010 0:00,8/7/2018 15:00,$VIX,25.93,26.19,25.9,26.15,17,,,,,25.59,26.04,,,,
3/19/2008 0:00,8/7/2018 10:15,$VIX,25.69,25.88,25.69,25.85,15,,,,,25.32,25.78,,,,
3/27/2008 0:00,8/7/2018 10:25,$VIX,25.48,25.76,25.48,25.76,17,,,,,25.29,25.6,,,,
3/5/2008 0:00,8/7/2018 13:50,$VIX,25.37,25.63,25.34,25.62,18,,,,,25.1,25.55,,,,
9/3/2015 0:00,8/7/2018 13:05,$VIX,25.12,25.73,25.12,25.68,20,,,,,24.77,25.53,,,,
7/30/2009 0:00,8/7/2018 15:40,$VIX,25.29,25.44,25.29,25.41,12,,,,,25.09,25.41,,,,
3/31/2008 0:00,8/7/2018 15:45,$VIX,25.4,25.44,25.35,25.4,17,,,,,25.71,26.77,Sell,25.4,25.71,0.012057565
6/22/2010 0:00,8/7/2018 10:05,$VIX,25.16,25.33,25.16,25.27,18,,,,,24.79,25.29,,,,
2/16/2016 0:00,8/7/2018 9:55,$VIX,25.24,25.49,25.21,25.43,14,,,,,24.93,25.24,,,,
8/4/2009 0:00,8/7/2018 15:45,$VIX,25.23,25.23,25.21,25.22,14,,,,,25.55,26.16,Sell,25.22,25.55,0.012915851272015728
9/4/2009 0:00,8/7/2018 15:45,$VIX,25.24,25.24,25.15,25.15,13,,,,,26.4,26.98,Sell,25.15,26.4,0.047348485
7/15/2009 0:00,8/7/2018 10:55,$VIX,24.97,25.17,24.97,25.16,9,,,,,23.85,25.05,,,,
8/25/2009 0:00,8/7/2018 15:45,$VIX,24.84,24.97,24.84,24.97,15,,,,,24.89,25.13,Sell,24.97,24.89,-0.003214142
8/14/2009 0:00,8/7/2018 15:45,$VIX,24.96,24.96,24.75,24.77,14,,,,,24.76,25.08,Sell,24.77,24.76,-0.000403877
8/17/2010 0:00,8/7/2018 10:15,$VIX,24.43,24.79,24.43,24.79,15,,,,,24.42,24.72,,,,
12/13/2011 0:00,8/7/2018 11:05,$VIX,24.27,25.33,24.26,25.33,13,,,,,24.29,24.72,Sell,24.72,24.29,-0.017702758
7/12/2010 0:00,8/7/2018 10:45,$VIX,24.64,24.69,24.62,24.69,13,,,,,23.78,24.66,,,,
8/7/2009 0:00,8/7/2018 15:45,$VIX,24.62,24.67,24.62,24.64,9,,,,,24.54,24.77,,,,
2/22/2008 0:00,8/7/2018 15:45,$VIX,24.85,24.85,23.95,24.63,15,,,,,24.61,25,Sell,24.63,24.61,-0.000812678
2/13/2008 0:00,8/7/2018 15:45,$VIX,24.61,24.62,24.57,24.62,11,,,,,25.13,25.75,Sell,24.62,25.13,0.020294468762435257
7/17/2008 0:00,8/7/2018 10:05,$VIX,24.31,24.66,24.31,24.65,14,,,,,24.28,24.58,,,,
7/22/2010 0:00,8/7/2018 15:35,$VIX,24.5,24.82,24.5,24.81,15,,,,,24.14,24.51,,,,
12/15/2011 0:00,8/7/2018 10:05,$VIX,24.34,24.43,24.33,24.42,8,,,,,24.21,24.43,,,,
9/30/2015 0:00,8/7/2018 15:45,$VIX,24.3,24.52,24.21,24.41,18,,,,,24.26,25.04,Sell,24.41,24.26,-0.006183017
11/13/2009 0:00,8/7/2018 9:55,$VIX,23.45,24.43,23.45,24.3,13,,,,,24.06,24.32,Sell,24.32,24.06,-0.010806318
11/28/2007 0:00,8/7/2018 15:45,$VIX,24.31,24.31,24.16,24.27,16,,,,,24.94,25.14,Sell,24.27,24.94,0.026864475
9/1/2010 0:00,8/7/2018 15:45,$VIX,24.21,24.21,24.1,24.13,13,,,,,24.75,25.13,Sell,24.13,24.75,0.025050505
7/21/2009 0:00,8/7/2018 15:45,$VIX,24.11,24.12,24.1,24.11,11,,,,,24.28,24.61,Sell,24.11,24.28,0.007001647
1/26/2016 0:00,8/7/2018 10:00,$VIX,23.99,23.99,23.4,23.4,20,,,,,23.44,23.95,Sell,23.95,23.44,-0.021757679
9/6/2007 0:00,8/7/2018 15:45,$VIX,24.02,24.02,23.88,23.94,17,,,,,24.28,24.6,Sell,23.94,24.28,0.014003294892915972
6/18/2010 0:00,8/7/2018 15:45,$VIX,23.76,23.79,23.72,23.77,15,,,,,24.58,24.88,Sell,23.77,24.58,0.032953620829942985
8/31/2007 0:00,8/7/2018 10:00,$VIX,23.48,23.99,23.27,23.98,17,,,,,23.39,23.75,Sell,23.75,23.39,-0.015391193
11/6/2007 0:00,8/7/2018 10:50,$VIX,23.5,23.74,23.43,23.58,16,,,,,23.03,23.55,,,,
11/12/2009 0:00,8/7/2018 10:15,$VIX,23.33,23.48,23.31,23.45,14,,,,,23.04,23.43,,,,
1/8/2008 0:00,8/7/2018 11:30,$VIX,23.3,23.52,23.3,23.5,13,,,,,22.97,23.37,,,,
9/16/2009 0:00,8/7/2018 14:05,$VIX,23.28,23.35,23.25,23.35,16,,,,,23.16,23.35,,,,
11/10/2009 0:00,8/7/2018 11:05,$VIX,23.2,23.38,23.2,23.38,13,,,,,22.91,23.29,,,,
2/12/2010 0:00,8/7/2018 15:45,$VIX,23.53,23.53,23.2,23.2,11,,,,,23.96,25,Sell,23.2,23.96,0.031719533
4/4/2008 0:00,8/7/2018 10:15,$VIX,23.04,23.31,23.04,23.27,17,,,,,22.96,23.19,,,,
1/3/2008 0:00,8/7/2018 10:00,$VIX,23.15,23.15,22.95,23.06,14,,,,,22.96,23.14,Sell,23.14,22.96,-0.007839721
2/25/2008 0:00,8/7/2018 15:45,$VIX,22.91,23.12,22.85,23.12,10,,,,,24.06,25,Sell,23.12,24.06,0.039068994
9/9/2008 0:00,8/7/2018 10:30,$VIX,22.99,23.04,22.96,22.99,15,,,,,22.66,23.03,,,,
9/30/2010 0:00,8/7/2018 10:10,$VIX,22.83,23.02,22.83,23,10,,,,,22.56,23.02,,,,
12/20/2011 0:00,8/7/2018 15:45,$VIX,23,23,22.99,22.99,4,,,,,22.95,23.58,,,,
10/1/2015 0:00,8/7/2018 15:45,$VIX,23.34,23.34,22.99,22.99,19,,,,,23.09,24.33,Sell,22.99,23.09,0.004330879
7/28/2011 0:00,8/7/2018 15:10,$VIX,22.89,22.99,22.84,22.99,10,,,,,22.59,22.95,,,,
10/13/2009 0:00,8/7/2018 15:45,$VIX,22.95,22.95,22.92,22.93,11,,,,,23,23.64,Sell,22.93,23,0.003043478
2/27/2008 0:00,8/7/2018 14:15,$VIX,22.74,22.88,22.73,22.86,13,,,,,21.9,22.88,,,,
1/14/2008 0:00,8/7/2018 15:45,$VIX,22.83,22.86,22.77,22.85,12,,,,,23.65,23.86,Sell,22.85,23.65,0.033826638
2/1/2010 0:00,8/7/2018 15:45,$VIX,22.86,22.86,22.85,22.85,2,,,,,24.02,24.33,Sell,22.85,24.02,0.048709409
7/25/2008 0:00,8/7/2018 15:45,$VIX,22.85,22.85,22.74,22.74,8,,,,,23.18,23.45,Sell,22.74,23.18,0.018981880931837846
9/15/2015 0:00,8/7/2018 15:45,$VIX,22.58,22.75,22.58,22.74,11,,,,,22.8,23.65,Sell,22.74,22.8,0.002631579
10/5/2010 0:00,8/7/2018 10:00,$VIX,23.01,23.01,22.33,22.44,16,,,,,22.34,22.73,Sell,22.73,22.34,-0.017457475
6/23/2008 0:00,8/7/2018 15:45,$VIX,22.7,22.71,22.69,22.7,7,,,,,22.77,23.14,Sell,22.7,22.77,0.00307422
10/14/2009 0:00,8/7/2018 10:20,$VIX,22.48,22.53,22.47,22.53,16,,,,,22.08,22.51,,,,
2/17/2016 0:00,8/7/2018 15:45,$VIX,22.45,22.46,22.43,22.45,9,,,,,23.29,23.85,Sell,22.45,23.29,0.036066982
11/17/2009 0:00,8/7/2018 15:45,$VIX,22.36,22.39,22.31,22.31,7,,,,,22.79,23.31,Sell,22.31,22.79,0.021061869240895148
11/4/2016 0:00,8/7/2018 14:50,$VIX,22.12,22.2,22.03,22.19,16,,,,,21.6,22.2,,,,
11/17/2010 0:00,8/7/2018 9:45,$VIX,22.11,22.21,21.91,21.91,17,,,,,21.94,22.19,Sell,22.19,21.94,-0.011394713
5/21/2012 0:00,8/7/2018 15:45,$VIX,22.28,22.28,22.17,22.17,11,,,,,24.28,24.88,Sell,22.17,24.28,0.086902801
6/14/2012 0:00,8/7/2018 15:45,$VIX,22.42,22.42,22.12,22.17,16,,,,,24.1,24.8,Sell,22.17,24.1,0.080082988
9/21/2015 0:00,8/7/2018 12:50,$VIX,21.79,22.48,21.79,22.3,17,,,,,21.65,22.16,,,,
1/28/2016 0:00,8/7/2018 15:45,$VIX,22.24,22.31,22.04,22.06,17,,,,,22.06,22.55,Sell,22.06,22.06,0
7/30/2008 0:00,8/7/2018 13:00,$VIX,21.88,22.1,21.88,22.1,9,,,,,21.18,22.03,,,,
5/22/2012 0:00,8/7/2018 15:25,$VIX,21.87,22.07,21.87,22.07,16,,,,,21.6,21.98,,,,
5/29/2012 0:00,8/7/2018 11:35,$VIX,21.76,22.04,21.76,22,15,,,,,21.57,21.98,,,,
11/3/2010 0:00,8/7/2018 11:25,$VIX,21.81,21.89,21.81,21.88,7,,,,,21.65,21.89,,,,
12/11/2009 0:00,8/7/2018 11:25,$VIX,21.85,21.96,21.8,21.96,18,,,,,21.39,21.87,,,,
10/17/2014 0:00,8/7/2018 13:10,$VIX,21.38,21.85,21.38,21.83,17,,,,,21.56,21.85,Sell,21.85,21.56,-0.013450835
9/24/2010 0:00,8/7/2018 15:45,$VIX,21.8,21.8,21.77,21.78,5,,,,,22.09,22.61,Sell,21.78,22.09,0.014033499
2/18/2016 0:00,8/7/2018 15:45,$VIX,21.67,21.77,21.67,21.75,15,,,,,22.16,22.53,Sell,21.75,22.16,0.018501805
8/2/2007 0:00,8/7/2018 15:45,$VIX,21.77,21.77,21.64,21.64,17,,,,,22.23,23,Sell,21.64,22.23,0.026540711
9/17/2015 0:00,8/7/2018 13:55,$VIX,21.97,21.97,20.61,20.61,13,,,,,21.03,21.58,Sell,21.58,21.03,-0.026153115
6/13/2008 0:00,8/7/2018 15:45,$VIX,21.55,21.55,21.36,21.42,18,,,,,22.85,23.14,Sell,21.42,22.85,0.062582057
9/3/2010 0:00,8/7/2018 15:45,$VIX,21.47,21.47,21.42,21.42,10,,,,,21.58,21.99,Sell,21.42,21.58,0.007414272
2/2/2010 0:00,8/7/2018 15:45,$VIX,21.37,21.4,21.37,21.38,12,,,,,22.54,22.69,Sell,21.38,22.54,0.051464064
6/7/2012 0:00,8/7/2018 9:55,$VIX,21.1,21.31,20.86,21.31,10,,,,,20.87,21.3,Sell,21.3,20.87,-0.020603737
10/23/2007 0:00,8/7/2018 11:10,$VIX,21.04,21.33,20.98,21.33,16,,,,,20.76,21.29,,,,
8/5/2008 0:00,8/7/2018 15:45,$VIX,21.24,21.26,21.22,21.22,13,,,,,22.85,22.99,Sell,21.22,22.85,0.071334792
12/22/2011 0:00,8/7/2018 11:25,$VIX,21.08,21.16,21.08,21.16,6,,,,,20.85,21.13,,,,
12/2/2009 0:00,8/7/2018 15:45,$VIX,21.12,21.15,21.1,21.11,11,,,,,21.85,22.19,Sell,21.11,21.85,0.033867276887871944
3/23/2004 0:00,8/7/2018 10:10,$VIX,20.96,21.06,20.91,20.94,18,,,,,20.79,21.06,,,,
12/11/2007 0:00,8/7/2018 14:15,$VIX,19.78,21.14,19.77,20.78,16,,,,,20.61,20.98,Sell,20.98,20.61,-0.01795245
4/23/2008 0:00,8/7/2018 12:35,$VIX,20.8,20.93,20.79,20.87,9,,,,,20.63,20.93,,,,
12/16/2009 0:00,8/7/2018 15:45,$VIX,20.95,21,20.92,20.92,16,,,,,20.57,21.5,,,,
12/23/2011 0:00,8/7/2018 15:45,$VIX,20.92,20.92,20.89,20.92,6,,,,,21.02,21.17,Sell,20.92,21.02,0.004757374
1/17/2012 0:00,8/7/2018 10:05,$VIX,20.82,20.91,20.82,20.89,9,,,,,20.86,20.91,Sell,20.91,20.86,-0.002396932
10/21/2009 0:00,8/7/2018 15:30,$VIX,20.78,21.09,20.73,21.09,19,,,,,20.46,20.9,,,,
7/27/2007 0:00,8/7/2018 10:50,$VIX,20.48,21.05,20.48,20.91,16,,,,,19.99,20.82,,,,
10/23/2009 0:00,8/7/2018 10:05,$VIX,20.73,20.9,20.73,20.89,13,,,,,20.63,20.79,,,,
12/7/2007 0:00,8/7/2018 10:45,$VIX,20.7,20.78,20.7,20.75,15,,,,,20.47,20.76,,,,
12/14/2009 0:00,8/7/2018 15:45,$VIX,20.82,20.83,20.75,20.75,5,,,,,21.15,21.59,Sell,20.75,21.15,0.01891253
1/5/2016 0:00,8/7/2018 12:05,$VIX,20.73,20.78,20.66,20.78,14,,,,,20.25,20.75,,,,
1/6/2012 0:00,8/7/2018 15:45,$VIX,20.65,20.66,20.65,20.66,4,,,,,21.18,21.52,Sell,20.66,21.18,0.024551463644948045
2/18/2010 0:00,8/7/2018 15:45,$VIX,20.71,20.71,20.62,20.63,10,,,,,21.68,22.21,Sell,20.63,21.68,0.048431734
4/16/2008 0:00,8/7/2018 15:45,$VIX,20.71,20.71,20.59,20.6,14,,,,,21.71,22.09,Sell,20.6,21.71,0.051128512
8/20/2008 0:00,8/7/2018 15:45,$VIX,20.57,20.57,20.51,20.55,8,,,,,21.12,21.4,Sell,20.55,21.12,0.026988636
12/21/2009 0:00,8/7/2018 15:45,$VIX,20.41,20.43,20.39,20.43,11,,,,,21.15,21.51,Sell,20.43,21.15,0.034042553
9/18/2007 0:00,8/7/2018 15:45,$VIX,20.48,20.53,20.4,20.4,17,,,,,25.69,26.02,Sell,20.4,25.69,0.2059166991047101
11/25/2009 0:00,8/7/2018 10:00,$VIX,20.34,20.38,20.15,20.15,16,,,,,20.16,20.37,Sell,20.37,20.16,-0.010416667
8/8/2008 0:00,8/7/2018 15:45,$VIX,20.26,20.29,20.2,20.29,11,,,,,21.15,21.69,Sell,20.29,21.15,0.040661938534278935
8/15/2008 0:00,8/7/2018 9:50,$VIX,20.02,20.25,19.99,20.2,13,,,,,19.96,20.24,,,,
7/19/2011 0:00,8/7/2018 14:30,$VIX,19.67,20.33,19.66,20.32,11,,,,,19.6,20.23,,,,
3/22/2011 0:00,8/7/2018 15:45,$VIX,20.11,20.14,20.11,20.12,8,,,,,20.29,20.59,Sell,20.12,20.29,0.008378512
1/29/2016 0:00,8/7/2018 15:45,$VIX,20.31,20.31,20.11,20.12,19,,,,,21.29,21.74,Sell,20.12,21.29,0.054955378
1/5/2010 0:00,8/7/2018 10:00,$VIX,20.03,20.13,19.99,19.99,17,,,,,19.99,20.11,Sell,20.11,19.99,-0.006003002
11/15/2010 0:00,8/7/2018 15:45,$VIX,19.95,19.97,19.93,19.97,7,,,,,19.84,20.37,,,,
9/19/2007 0:00,8/7/2018 10:05,$VIX,19.51,20.01,19.5,19.98,14,,,,,19.34,19.96,,,,
1/20/2015 0:00,8/7/2018 15:45,$VIX,19.91,19.95,19.88,19.95,9,,,,,19.78,20.54,,,,
8/27/2008 0:00,8/7/2018 15:45,$VIX,19.9,19.95,19.87,19.91,10,,,,,20.48,20.67,Sell,19.91,20.48,0.027832031250000014
1/19/2012 0:00,8/7/2018 15:45,$VIX,19.91,19.91,19.89,19.9,6,,,,,20.44,20.6,Sell,19.9,20.44,0.026418786692759426
12/29/2009 0:00,8/7/2018 11:10,$VIX,19.84,19.89,19.84,19.89,6,,,,,19.73,19.87,,,,
10/3/2003 0:00,8/7/2018 15:45,$VIX,19.79,19.82,19.7,19.7,10,,,,,19.61,20.03,,,,
2/13/2012 0:00,8/7/2018 10:45,$VIX,19.61,19.68,19.61,19.67,4,,,,,19.56,19.64,,,,
12/23/2009 0:00,8/7/2018 10:00,$VIX,19.55,19.77,19.55,19.68,18,,,,,19.35,19.63,,,,
4/25/2008 0:00,8/7/2018 15:40,$VIX,19.55,19.68,19.55,19.64,12,,,,,19.45,19.62,,,,
2/26/2010 0:00,8/7/2018 15:45,$VIX,19.5,19.58,19.5,19.58,8,,,,,19.85,20.26,Sell,19.58,19.85,0.013602015113350284
12/22/2009 0:00,8/7/2018 15:45,$VIX,19.59,19.59,19.56,19.57,9,,,,,19.98,20.4,Sell,19.57,19.98,0.020520520520520526
2/25/2016 0:00,8/7/2018 15:45,$VIX,19.61,19.61,19.54,19.55,12,,,,,20.41,21.09,Sell,19.55,20.41,0.042136207741303264
12/16/2015 0:00,8/7/2018 13:55,$VIX,19.59,19.65,18.66,18.74,13,,,,,18.84,19.48,Sell,19.48,18.84,-0.033970276
11/24/2010 0:00,8/7/2018 15:45,$VIX,19.4,19.55,19.4,19.55,13,,,,,18.97,19.42,,,,
7/25/2012 0:00,8/7/2018 15:45,$VIX,19.61,19.62,19.41,19.41,5,,,,,19.31,19.84,,,,
5/18/2004 0:00,8/7/2018 15:45,$VIX,19.31,19.33,19.29,19.33,20,,,,,19.5,19.7,Sell,19.33,19.5,0.008717949
10/5/2015 0:00,8/7/2018 15:45,$VIX,19.38,19.38,19.3,19.3,13,,,,,19.71,20.42,Sell,19.3,19.71,0.020801624
2/22/2016 0:00,8/7/2018 15:45,$VIX,19.2,19.26,19.19,19.25,15,,,,,19.98,20.35,Sell,19.25,19.98,0.036536537
6/21/2013 0:00,8/7/2018 10:15,$VIX,19.13,19.38,19.12,19.36,18,,,,,18.81,19.22,,,,
3/7/2012 0:00,8/7/2018 15:45,$VIX,19.24,19.24,19.2,19.21,6,,,,,20.22,20.44,Sell,19.21,20.22,0.049950544
2/28/2011 0:00,8/7/2018 13:25,$VIX,19.09,19.25,19.08,19.2,12,,,,,18.44,19.12,,,,
10/7/2015 0:00,8/7/2018 10:40,$VIX,18.87,19.16,18.87,19.16,15,,,,,18.76,19.04,,,,
3/2/2010 0:00,8/7/2018 15:25,$VIX,18.96,19.07,18.95,19.07,12,,,,,18.69,19.01,,,,
3/3/2010 0:00,8/7/2018 14:25,$VIX,18.92,19.03,18.92,19.03,12,,,,,18.87,19,,,,
11/18/2010 0:00,8/7/2018 15:45,$VIX,18.98,18.98,18.95,18.96,8,,,,,20.13,20.31,Sell,18.96,20.13,0.058122206
10/22/2010 0:00,8/7/2018 15:45,$VIX,18.89,18.9,18.89,18.9,6,,,,,19.1,19.36,Sell,18.9,19.1,0.010471204188481823
2/1/2012 0:00,8/7/2018 10:00,$VIX,18.63,18.82,18.62,18.7,13,,,,,18.63,18.79,Sell,18.79,18.63,-0.008588298
6/5/2008 0:00,8/7/2018 15:45,$VIX,18.76,18.79,18.75,18.75,12,,,,,20.31,20.59,Sell,18.75,20.31,0.076809453
4/29/2010 0:00,8/7/2018 15:45,$VIX,18.72,18.75,18.72,18.74,7,,,,,19.85,20.37,Sell,18.74,19.85,0.055919395465995114
10/4/2007 0:00,8/7/2018 10:40,$VIX,18.58,18.65,18.54,18.6,14,,,,,18.52,18.65,,,,
12/21/2007 0:00,8/7/2018 15:45,$VIX,18.61,18.65,18.61,18.64,15,,,,,19.6,19.82,Sell,18.64,19.6,0.048979592
1/21/2010 0:00,8/7/2018 10:20,$VIX,18.27,18.65,18.27,18.65,14,,,,,18.34,18.6,Sell,18.6,18.34,-0.014176663
6/21/2011 0:00,8/7/2018 15:45,$VIX,18.6,18.6,18.54,18.6,9,,,,,19.19,19.46,Sell,18.6,19.19,0.03074518
5/19/2004 0:00,8/7/2018 15:30,$VIX,18.49,18.66,18.49,18.66,20,,,,,18.33,18.56,,,,
10/10/2003 0:00,8/7/2018 15:45,$VIX,18.56,18.59,18.55,18.55,18,,,,,18.57,18.9,Sell,18.55,18.57,0.001077006
5/11/2004 0:00,8/7/2018 15:45,$VIX,18.51,18.55,18.46,18.47,19,,,,,18.7,19.28,Sell,18.47,18.7,0.012299465240641736
11/5/2010 0:00,8/7/2018 12:20,$VIX,18.43,18.44,18.43,18.44,4,,,,,17.92,18.44,,,,
2/3/2015 0:00,8/7/2018 10:15,$VIX,18.38,18.42,18.29,18.29,9,,,,,18.17,18.42,,,,
11/17/2015 0:00,8/7/2018 13:25,$VIX,18.28,18.43,18.28,18.42,12,,,,,17.37,18.33,,,,
6/19/2012 0:00,8/7/2018 14:40,$VIX,18.23,18.29,18.2,18.29,15,,,,,17.51,18.29,,,,
1/13/2010 0:00,8/7/2018 10:10,$VIX,18.19,18.29,18.19,18.22,14,,,,,17.9,18.25,,,,
3/10/2016 0:00,8/7/2018 10:35,$VIX,18.04,18.25,17.99,18.14,15,,,,,17.85,18.23,,,,
11/18/2003 0:00,8/7/2018 10:45,$VIX,18.03,18.14,18.02,18.14,20,,,,,17.99,18.14,,,,
5/29/2008 0:00,8/7/2018 15:45,$VIX,18.19,18.21,18.13,18.14,14,,,,,18.92,19.17,Sell,18.14,18.92,0.041226216
9/14/2016 0:00,8/7/2018 15:25,$VIX,17.95,18.09,17.93,18.08,17,,,,,17.44,18.09,,,,
5/13/2008 0:00,8/7/2018 15:25,$VIX,18.04,18.08,18.02,18.02,7,,,,,17.79,18.08,,,,
10/26/2012 0:00,8/7/2018 10:00,$VIX,18,18.1,17.99,18.04,15,,,,,17.74,18.07,,,,
9/26/2007 0:00,8/7/2018 13:45,$VIX,17.88,17.98,17.87,17.94,12,,,,,17.68,17.92,,,,
7/11/2012 0:00,8/7/2018 15:45,$VIX,18.26,18.26,17.9,17.9,13,,,,,17.98,18.86,Sell,17.9,17.98,0.004449388
10/28/2003 0:00,8/7/2018 9:45,$VIX,17.89,17.89,17.76,17.77,20,,,,,17.76,17.88,Sell,17.88,17.76,-0.006756757
11/16/2012 0:00,8/7/2018 9:50,$VIX,17.95,18.04,17.59,18.04,7,,,,,17.65,17.88,Sell,17.88,17.65,-0.013031161
2/17/2012 0:00,8/7/2018 15:45,$VIX,17.84,17.84,17.82,17.83,8,,,,,18.59,18.79,Sell,17.83,18.59,0.040882194728348656
7/25/2007 0:00,8/7/2018 10:15,$VIX,17.79,17.8,17.72,17.79,13,,,,,17.5,17.8,,,,
4/12/2012 0:00,8/7/2018 15:45,$VIX,17.88,17.88,17.72,17.72,11,,,,,19.16,19.74,Sell,17.72,19.16,0.075156576
12/3/2010 0:00,8/7/2018 15:45,$VIX,17.85,17.85,17.71,17.71,7,,,,,18.3,19.28,Sell,17.71,18.3,0.032240437
5/21/2008 0:00,8/7/2018 10:50,$VIX,17.47,17.8,17.47,17.76,14,,,,,17.41,17.68,,,,
3/30/2011 0:00,8/7/2018 15:45,$VIX,17.56,17.66,17.56,17.66,7,,,,,17.79,17.89,Sell,17.66,17.79,0.007307476
3/12/2010 0:00,8/7/2018 15:45,$VIX,17.84,17.85,17.65,17.65,3,,,,,17.78,18.36,Sell,17.65,17.78,0.007311586
3/25/2004 0:00,8/7/2018 15:45,$VIX,17.68,17.7,17.61,17.62,20,,,,,19.22,19.58,Sell,17.62,19.22,0.083246618
2/1/2011 0:00,8/7/2018 15:45,$VIX,17.65,17.66,17.58,17.58,10,,,,,18.21,18.63,Sell,17.58,18.21,0.034596375617792566
3/1/2012 0:00,8/7/2018 15:45,$VIX,17.69,17.69,17.58,17.58,10,,,,,17.69,18.03,Sell,17.58,17.69,0.006218202
4/20/2012 0:00,8/7/2018 15:45,$VIX,17.59,17.61,17.55,17.56,12,,,,,17.75,18.05,Sell,17.56,17.75,0.010704225352112748
10/14/2003 0:00,8/7/2018 15:45,$VIX,17.43,17.52,17.37,17.51,20,,,,,17.37,17.61,Sell,17.51,17.37,-0.008059873
3/16/2010 0:00,8/7/2018 15:45,$VIX,17.46,17.5,17.45,17.49,13,,,,,17.73,17.88,Sell,17.49,17.73,0.013536379018612632
12/9/2010 0:00,8/7/2018 10:40,$VIX,17.46,17.56,17.46,17.53,13,,,,,17.32,17.49,,,,
6/29/2012 0:00,8/7/2018 15:45,$VIX,17.59,17.59,17.43,17.44,13,,,,,17.5,18.3,Sell,17.44,17.5,0.003428571
3/5/2010 0:00,8/7/2018 15:45,$VIX,17.36,17.36,17.34,17.35,10,,,,,17.92,18.15,Sell,17.35,17.92,0.031808035714285726
1/7/2011 0:00,8/7/2018 11:35,$VIX,17.32,17.5,17.32,17.46,8,,,,,16.96,17.34,,,,
6/29/2011 0:00,8/7/2018 15:45,$VIX,17.41,17.42,17.34,17.34,15,,,,,18.29,18.69,Sell,17.34,18.29,0.051940951
10/9/2007 0:00,8/7/2018 10:10,$VIX,17.2,17.24,17.2,17.22,11,,,,,17.04,17.24,,,,
1/8/2015 0:00,8/7/2018 15:45,$VIX,17.3,17.31,17.22,17.23,13,,,,,17.65,18.09,Sell,17.23,17.65,0.023796034
9/27/2007 0:00,8/7/2018 14:40,$VIX,17.16,17.23,17.16,17.23,10,,,,,17.08,17.22,,,,
6/20/2016 0:00,8/7/2018 11:55,$VIX,17.15,17.21,17.1,17.1,12,,,,,16.86,17.19,,,,
4/25/2012 0:00,8/7/2018 14:05,$VIX,17.13,17.19,17.13,17.19,5,,,,,16.97,17.18,,,,
5/6/2011 0:00,8/7/2018 12:10,$VIX,17.12,17.22,17.08,17.15,15,,,,,16.55,17.17,,,,
3/11/2016 0:00,8/7/2018 10:05,$VIX,17.06,17.26,17.06,17.26,15,,,,,16.79,17.17,,,,
1/21/2011 0:00,8/7/2018 10:20,$VIX,16.99,17.22,16.99,17.22,15,,,,,17.03,17.16,Sell,17.16,17.03,-0.007633588
5/19/2008 0:00,8/7/2018 15:45,$VIX,17.18,17.19,17.12,17.12,17,,,,,16.47,17.34,,,,
12/29/2010 0:00,8/7/2018 15:45,$VIX,17.08,17.1,17.08,17.1,6,,,,,17.45,17.49,Sell,17.1,17.45,0.020057307
12/22/2015 0:00,8/7/2018 15:45,$VIX,17.01,17.14,16.98,17.08,13,,,,,17.61,18.1,Sell,17.08,17.61,0.030096536
12/19/2014 0:00,8/7/2018 13:20,$VIX,17.04,17.09,17.04,17.09,9,,,,,16.57,17.06,,,,
6/29/2016 0:00,8/7/2018 15:45,$VIX,17.11,17.15,16.81,17.03,12,,,,,16.94,17.46,Sell,17.03,16.94,-0.005312869
4/1/2010 0:00,8/7/2018 10:15,$VIX,16.91,17.03,16.91,16.96,12,,,,,16.9,17.02,,,,
10/9/2015 0:00,8/7/2018 15:45,$VIX,17.02,17.02,16.95,17.01,12,,,,,16.99,17.47,Sell,17.01,16.99,-0.001177163
1/14/2004 0:00,8/7/2018 15:45,$VIX,16.9,16.93,16.85,16.87,20,,,,,16.75,17.3,,,,
3/4/2016 0:00,8/7/2018 14:40,$VIX,16.71,16.89,16.71,16.83,16,,,,,16.48,16.87,,,,
4/11/2011 0:00,8/7/2018 10:15,$VIX,16.6,16.82,16.6,16.82,11,,,,,16.66,16.8,Sell,16.8,16.66,-0.008403361
7/1/2015 0:00,8/7/2018 10:30,$VIX,16.34,16.84,16.31,16.77,19,,,,,16.15,16.78,,,,
2/24/2012 0:00,8/7/2018 13:40,$VIX,16.72,16.78,16.71,16.78,8,,,,,16.48,16.77,,,,
12/11/2003 0:00,8/7/2018 15:45,$VIX,16.64,16.71,16.62,16.71,20,,,,,17.38,17.95,Sell,16.71,17.38,0.038550057537399214
10/5/2007 0:00,8/7/2018 15:45,$VIX,16.7,16.7,16.7,16.7,1,,,,,17.16,17.56,Sell,16.7,17.16,0.026806526806526856
6/27/2013 0:00,8/7/2018 11:05,$VIX,16.56,16.64,16.55,16.64,11,,,,,16.56,16.63,Sell,16.63,16.56,-0.004227053
4/19/2011 0:00,8/7/2018 10:40,$VIX,16.56,16.66,16.56,16.61,8,,,,,16.35,16.62,,,,
11/19/2015 0:00,8/7/2018 9:50,$VIX,16.25,16.66,16.21,16.65,12,,,,,16.22,16.62,Sell,16.62,16.22,-0.024660912
1/26/2011 0:00,8/7/2018 15:45,$VIX,16.62,16.62,16.59,16.61,8,,,,,17,17.21,Sell,16.61,17,0.022941176
1/22/2015 0:00,8/7/2018 15:45,$VIX,16.65,16.65,16.59,16.59,12,,,,,17.79,19.03,Sell,16.59,17.79,0.067453626
7/17/2012 0:00,8/7/2018 15:45,$VIX,16.64,16.64,16.53,16.53,10,,,,,16.57,16.76,Sell,16.53,16.57,0.002414001
5/5/2004 0:00,8/7/2018 10:00,$VIX,16.4,16.53,16.35,16.49,20,,,,,16.41,16.52,Sell,16.52,16.41,-0.00670323
6/17/2013 0:00,8/7/2018 9:55,$VIX,16.41,16.49,16.41,16.49,12,,,,,16.4,16.49,,,,
9/3/2013 0:00,8/7/2018 10:00,$VIX,16.11,16.58,16.11,16.52,13,,,,,16.29,16.47,Sell,16.47,16.29,-0.011049724
7/27/2004 0:00,8/7/2018 15:45,$VIX,16.38,16.46,16.37,16.46,20,,,,,17.13,17.34,Sell,16.46,17.13,0.039112667834208886
6/30/2016 0:00,8/7/2018 10:25,$VIX,16.27,16.58,16.27,16.42,14,,,,,16.19,16.44,,,,
7/7/2015 0:00,8/7/2018 15:45,$VIX,16.47,16.47,16.39,16.42,10,,,,,17.17,17.78,Sell,16.42,17.17,0.043680839
1/30/2014 0:00,8/7/2018 14:05,$VIX,16.4,16.43,16.4,16.43,3,,,,,16.23,16.4,,,,
10/21/2014 0:00,8/7/2018 15:45,$VIX,16.43,16.43,16.4,16.4,6,,,,,17.31,17.75,Sell,16.4,17.31,0.052570768341998864
10/15/2015 0:00,8/7/2018 15:45,$VIX,16.48,16.48,16.37,16.4,10,,,,,17.53,17.85,Sell,16.4,17.53,0.064460924
10/29/2003 0:00,8/7/2018 15:45,$VIX,16.38,16.41,16.38,16.39,20,,,,,16.76,17.02,Sell,16.39,16.76,0.022076372315035852
3/17/2014 0:00,8/7/2018 10:45,$VIX,16.34,16.4,16.34,16.38,14,,,,,15.59,16.39,,,,
2/16/2011 0:00,8/7/2018 12:05,$VIX,16.25,16.47,16.25,16.47,6,,,,,16.15,16.37,,,,
6/30/2011 0:00,8/7/2018 15:45,$VIX,16.35,16.35,16.3,16.34,13,,,,,16.29,16.77,,,,
11/14/2012 0:00,8/7/2018 10:00,$VIX,16.01,16.41,16.01,16.37,11,,,,,16.2,16.33,Sell,16.33,16.2,-0.008024691
2/7/2014 0:00,8/7/2018 10:25,$VIX,16.18,16.31,16.18,16.29,15,,,,,15.73,16.28,,,,
3/15/2007 0:00,8/7/2018 15:45,$VIX,16.3,16.32,16.24,16.27,16,,,,,16.44,16.91,Sell,16.27,16.44,0.010340633
4/15/2004 0:00,8/7/2018 10:55,$VIX,16.01,16.2,16.01,16.15,14,,,,,15.38,16.18,,,,
12/23/2015 0:00,8/7/2018 13:35,$VIX,16.05,16.25,16.04,16.25,10,,,,,15.7,16.17,,,,
1/28/2011 0:00,8/7/2018 9:55,$VIX,15.96,16.23,15.92,16.23,13,,,,,15.94,16.14,Sell,16.14,15.94,-0.012547051
12/3/2003 0:00,8/7/2018 10:00,$VIX,16.06,16.14,16.01,16.11,20,,,,,16.04,16.13,Sell,16.13,16.04,-0.005610973
10/11/2013 0:00,8/7/2018 15:45,$VIX,16.01,16.09,16,16.08,9,,,,,16.08,16.38,Sell,16.08,16.08,0
9/30/2014 0:00,8/7/2018 12:40,$VIX,16.08,16.12,16.04,16.04,13,,,,,15.34,16.08,,,,
6/19/2006 0:00,8/7/2018 9:55,$VIX,15.75,16.12,15.73,15.84,20,,,,,15.8,16.07,Sell,16.07,15.8,-0.017088608
4/20/2010 0:00,8/7/2018 15:45,$VIX,16.08,16.11,16.05,16.06,12,,,,,16.54,16.89,Sell,16.06,16.54,0.029020556
6/2/2004 0:00,8/7/2018 15:45,$VIX,16.07,16.07,16.03,16.05,20,,,,,16.05,16.3,Sell,16.05,16.05,0
4/21/2010 0:00,8/7/2018 10:55,$VIX,15.89,16.06,15.86,16.06,18,,,,,15.63,16.02,,,,
11/2/2004 0:00,8/7/2018 9:45,$VIX,15.87,16.06,15.82,16.04,20,,,,,15.84,15.99,Sell,15.99,15.84,-0.009469697
9/15/2016 0:00,8/7/2018 15:45,$VIX,15.88,15.98,15.86,15.97,11,,,,,17.28,17.79,Sell,15.97,17.28,0.075810185
3/23/2012 0:00,8/7/2018 10:00,$VIX,15.9,16,15.9,15.95,18,,,,,15.65,15.95,,,,
9/12/2012 0:00,8/7/2018 10:30,$VIX,15.92,16.05,15.92,16.05,7,,,,,15.44,15.95,,,,
10/1/2013 0:00,8/7/2018 15:45,$VIX,15.96,15.99,15.94,15.94,9,,,,,15.95,16.39,Sell,15.94,15.95,0.000626959
9/13/2012 0:00,8/7/2018 12:20,$VIX,15.89,15.92,15.88,15.92,11,,,,,15.58,15.91,,,,
8/3/2012 0:00,8/7/2018 15:45,$VIX,16.05,16.05,15.9,15.9,12,,,,,16.01,16.44,Sell,15.9,16.01,0.006870706
11/19/2012 0:00,8/7/2018 10:30,$VIX,15.86,15.96,15.85,15.96,10,,,,,15.66,15.88,,,,
5/31/2011 0:00,8/7/2018 9:45,$VIX,15.68,15.95,15.57,15.81,15,,,,,15.62,15.86,Sell,15.86,15.62,-0.015364917
4/15/2011 0:00,8/7/2018 15:45,$VIX,15.79,15.8,15.77,15.79,10,,,,,15.7,15.98,,,,
10/3/2012 0:00,8/7/2018 10:15,$VIX,15.83,15.83,15.5,15.5,17,,,,,15.61,15.79,Sell,15.79,15.61,-0.01153107
6/15/2006 0:00,8/7/2018 15:45,$VIX,15.73,15.76,15.65,15.76,20,,,,,19.88,21.14,Sell,15.76,19.88,0.2072434607645875
8/7/2014 0:00,8/7/2018 10:45,$VIX,15.72,15.87,15.7,15.87,14,,,,,15.44,15.71,,,,
5/25/2006 0:00,8/7/2018 15:45,$VIX,15.55,15.69,15.54,15.69,20,,,,,16.06,16.67,Sell,15.69,16.06,0.023038605
10/28/2014 0:00,8/7/2018 10:30,$VIX,15.62,15.69,15.62,15.64,14,,,,,15.31,15.69,,,,
8/8/2014 0:00,8/7/2018 15:45,$VIX,15.68,15.69,15.67,15.67,6,,,,,16.32,16.99,Sell,15.67,16.32,0.039828431
3/15/2012 0:00,8/7/2018 9:55,$VIX,15.46,16.06,15.17,15.22,13,,,,,15.32,15.64,Sell,15.64,15.32,-0.020887728
7/17/2007 0:00,8/7/2018 12:15,$VIX,15.57,15.66,15.57,15.64,14,,,,,15.32,15.62,,,,
11/5/2015 0:00,8/7/2018 10:15,$VIX,15.58,15.76,15.54,15.76,16,,,,,15.39,15.59,,,,
3/16/2007 0:00,8/7/2018 11:10,$VIX,15.52,15.64,15.51,15.6,15,,,,,15.3,15.58,,,,
4/12/2010 0:00,8/7/2018 15:45,$VIX,15.59,15.69,15.47,15.52,16,,,,,15.45,15.8,,,,
4/8/2016 0:00,8/7/2018 11:40,$VIX,15.5,15.52,15.41,15.44,15,,,,,15.28,15.52,,,,
4/11/2016 0:00,8/7/2018 10:45,$VIX,15.44,15.59,15.44,15.48,15,,,,,15.22,15.52,,,,
1/8/2004 0:00,8/7/2018 13:10,$VIX,15.48,15.51,15.47,15.51,20,,,,,15.4,15.51,,,,
10/16/2015 0:00,8/7/2018 15:45,$VIX,15.48,15.52,15.48,15.51,10,,,,,15.56,15.83,Sell,15.51,15.56,0.003213368
4/20/2004 0:00,8/7/2018 14:50,$VIX,15.47,15.58,15.45,15.51,20,,,,,15.2,15.49,,,,
7/5/2007 0:00,8/7/2018 11:00,$VIX,15.39,15.58,15.39,15.54,12,,,,,15.36,15.49,,,,
7/19/2007 0:00,8/7/2018 14:35,$VIX,15.47,15.49,15.41,15.48,14,,,,,15.26,15.47,,,,
7/12/2007 0:00,8/7/2018 15:45,$VIX,15.31,15.46,15.31,15.45,14,,,,,16.02,16.39,Sell,15.45,16.02,0.035580524344569306
8/9/2012 0:00,8/7/2018 9:50,$VIX,15.28,15.54,15.28,15.54,11,,,,,15.28,15.45,Sell,15.45,15.28,-0.011125654
5/20/2016 0:00,8/7/2018 15:45,$VIX,15.52,15.52,15.41,15.41,8,,,,,15.66,16.06,Sell,15.41,15.66,0.015964240102171137
5/27/2004 0:00,8/7/2018 15:45,$VIX,15.27,15.4,15.27,15.4,20,,,,,15.4,15.86,Sell,15.4,15.4,0
3/16/2015 0:00,8/7/2018 15:45,$VIX,15.42,15.46,15.4,15.4,5,,,,,15.53,15.89,Sell,15.4,15.53,0.008370895
10/11/2005 0:00,8/7/2018 10:50,$VIX,15.26,15.46,15.25,15.42,20,,,,,15.09,15.35,,,,
11/20/2012 0:00,8/7/2018 11:00,$VIX,15.35,15.37,15.35,15.37,6,,,,,15.11,15.34,,,,
11/27/2012 0:00,8/7/2018 10:20,$VIX,15.32,15.4,15.32,15.4,7,,,,,15.23,15.33,,,,
3/12/2015 0:00,8/7/2018 15:45,$VIX,15.34,15.35,15.3,15.32,7,,,,,15.97,16.45,Sell,15.32,15.97,0.040701315
10/29/2004 0:00,8/7/2018 10:10,$VIX,15.15,15.32,15.15,15.31,20,,,,,15.14,15.3,,,,
2/11/2004 0:00,8/7/2018 15:45,$VIX,15.31,15.33,15.26,15.29,20,,,,,15.87,15.98,Sell,15.29,15.87,0.036546944
10/4/2012 0:00,8/7/2018 11:20,$VIX,15.27,15.32,15.25,15.3,8,,,,,15.14,15.29,,,,
7/5/2013 0:00,8/7/2018 15:45,$VIX,15.3,15.32,15.28,15.28,7,,,,,15.54,15.92,Sell,15.28,15.54,0.016731016731016717
8/8/2006 0:00,8/7/2018 12:30,$VIX,15.24,15.26,15.23,15.26,20,,,,,15.08,15.25,,,,
4/27/2011 0:00,8/7/2018 15:45,$VIX,15.18,15.22,15.18,15.22,11,,,,,15.37,15.74,Sell,15.22,15.37,0.009759271
11/29/2012 0:00,8/7/2018 9:50,$VIX,15.1,15.21,15.09,15.21,12,,,,,15.06,15.21,,,,
2/13/2004 0:00,8/7/2018 9:55,$VIX,15.21,15.22,14.97,14.97,20,,,,,14.99,15.2,Sell,15.2,14.99,-0.01400934
6/7/2013 0:00,8/7/2018 15:45,$VIX,15.24,15.25,15.15,15.15,9,,,,,15.77,16.21,Sell,15.15,15.77,0.039315155358275164
10/18/2016 0:00,8/7/2018 15:45,$VIX,15.14,15.15,15.13,15.15,4,,,,,15.46,15.58,Sell,15.15,15.46,0.020051746442432114
1/16/2004 0:00,8/7/2018 15:45,$VIX,15.07,15.14,15.05,15.13,20,,,,,15.08,15.44,Sell,15.13,15.08,-0.00331565
7/12/2004 0:00,8/7/2018 15:45,$VIX,15.07,15.15,15.06,15.13,20,,,,,15.02,15.29,,15.13,15.02,-0.007323569
7/19/2006 0:00,8/7/2018 15:45,$VIX,15.04,15.12,15.04,15.09,20,,,,,16.87,17.62,Sell,15.09,16.87,0.10551274451689396
3/30/2012 0:00,8/7/2018 9:55,$VIX,14.71,15.09,14.67,15.09,14,,,,,14.68,15.08,Sell,15.08,14.68,-0.027247956
12/4/2015 0:00,8/7/2018 15:45,$VIX,15.1,15.11,15.06,15.08,12,,,,,17.02,17.65,Sell,15.08,17.02,0.11398354876615745
1/2/2013 0:00,8/7/2018 15:45,$VIX,15.01,15.01,15,15.01,3,,,,,15.21,15.54,Sell,15.01,15.21,0.013149243918474758
6/18/2004 0:00,8/7/2018 14:50,$VIX,14.78,15.04,14.78,14.92,20,,,,,14.74,15,,,,
8/25/2004 0:00,8/7/2018 15:45,$VIX,14.91,14.94,14.85,14.94,20,,,,,15.38,15.59,Sell,14.94,15.38,0.028608582574772518
10/16/2012 0:00,8/7/2018 14:15,$VIX,14.88,14.93,14.88,14.93,6,,,,,14.79,14.93,,,,
5/26/2006 0:00,8/7/2018 10:40,$VIX,14.86,14.93,14.83,14.92,20,,,,,14.72,14.92,,,,
2/13/2015 0:00,8/7/2018 15:45,$VIX,14.97,14.97,14.91,14.91,9,,,,,15.06,15.64,Sell,14.91,15.06,0.009960159
7/1/2016 0:00,8/7/2018 15:45,$VIX,14.87,14.92,14.86,14.9,15,,,,,14.78,15.38,,,,
4/19/2013 0:00,8/7/2018 15:45,$VIX,14.91,14.91,14.88,14.88,4,,,,,16.46,16.76,Sell,14.88,16.46,0.095990279
10/14/2005 0:00,8/7/2018 15:45,$VIX,14.88,14.9,14.86,14.86,20,,,,,15.69,15.99,Sell,14.86,15.69,0.052899936
12/1/2015 0:00,8/7/2018 15:45,$VIX,14.86,14.91,14.82,14.86,11,,,,,15.24,15.78,Sell,14.86,15.24,0.024934383
4/25/2005 0:00,8/7/2018 15:45,$VIX,14.85,14.89,14.83,14.84,20,,,,,15.21,15.47,Sell,14.84,15.21,0.024326101
3/27/2012 0:00,8/7/2018 9:55,$VIX,14.94,14.94,14.14,14.14,12,,,,,14.5,14.82,Sell,14.82,14.5,-0.022068966
8/9/2006 0:00,8/7/2018 14:50,$VIX,14.73,14.77,14.69,14.69,20,,,,,14.47,14.76,,,,
6/16/2004 0:00,8/7/2018 15:45,$VIX,14.59,14.71,14.56,14.69,20,,,,,14.83,15.22,Sell,14.69,14.83,0.009440324
12/23/2014 0:00,8/7/2018 9:55,$VIX,14.32,14.78,14.32,14.72,14,,,,,14.39,14.68,Sell,14.68,14.39,-0.020152884
4/17/2017 0:00,8/7/2018 15:45,$VIX,14.74,14.75,14.63,14.65,11,,,,,15.35,15.75,Sell,14.65,15.35,0.045602606
2/24/2015 0:00,8/7/2018 10:00,$VIX,14.34,14.63,14.34,14.42,15,,,,,14.47,14.62,Sell,14.62,14.47,-0.010366275
9/10/2013 0:00,8/7/2018 15:45,$VIX,14.62,14.62,14.59,14.59,3,,,,,14.89,15.09,Sell,14.59,14.89,0.020147750167897962
10/7/2005 0:00,8/7/2018 10:20,$VIX,14.5,14.63,14.48,14.48,20,,,,,14.36,14.58,,,,
2/27/2013 0:00,8/7/2018 15:45,$VIX,14.54,14.58,14.54,14.58,2,,,,,16.01,16.6,Sell,14.58,16.01,0.089319176
2/21/2014 0:00,8/7/2018 15:45,$VIX,14.57,14.59,14.57,14.58,6,,,,,14.67,14.79,Sell,14.58,14.67,0.006134969
10/3/2014 0:00,8/7/2018 15:45,$VIX,14.63,14.63,14.57,14.57,13,,,,,15.09,15.43,Sell,14.57,15.09,0.034459907
4/21/2005 0:00,8/7/2018 15:45,$VIX,14.57,14.67,14.56,14.56,20,,,,,15.44,16.22,Sell,14.56,15.44,0.056994819
8/2/2006 0:00,8/7/2018 15:45,$VIX,14.46,14.57,14.45,14.56,20,,,,,14.57,14.93,Sell,14.56,14.57,0.000686342
3/18/2014 0:00,8/7/2018 15:45,$VIX,14.52,14.57,14.52,14.55,7,,,,,14.94,15.47,Sell,14.55,14.94,0.026104418
3/16/2012 0:00,8/7/2018 13:20,$VIX,14.2,14.83,14.2,14.82,7,,,,,14.29,14.53,Sell,14.53,14.29,-0.016794962
7/13/2004 0:00,8/7/2018 15:45,$VIX,14.49,14.5,14.41,14.49,20,,,,,14.86,15.03,Sell,14.49,14.86,0.024899057873485817
5/11/2005 0:00,8/7/2018 15:45,$VIX,14.49,14.5,14.45,14.45,20,,,,,14.56,14.9,Sell,14.45,14.56,0.007554945
9/16/2013 0:00,8/7/2018 15:35,$VIX,14.34,14.42,14.34,14.41,10,,,,,14.1,14.38,,,,
7/17/2013 0:00,8/7/2018 9:50,$VIX,14.24,14.44,14.24,14.28,10,,,,,14.2,14.37,,,,
3/11/2014 0:00,8/7/2018 12:10,$VIX,14.39,14.4,14.36,14.39,9,,,,,14.22,14.35,,,,
7/9/2013 0:00,8/7/2018 15:45,$VIX,14.32,14.34,14.32,14.33,5,,,,,14.33,14.54,Sell,14.33,14.33,0
6/17/2015 0:00,8/7/2018 15:45,$VIX,14.21,14.33,14.19,14.33,13,,,,,14.41,14.68,Sell,14.33,14.41,0.0055517
4/2/2015 0:00,8/7/2018 15:45,$VIX,14.41,14.41,14.27,14.31,13,,,,,15.19,15.51,Sell,14.31,15.19,0.057932850559578614
6/30/2004 0:00,8/7/2018 15:45,$VIX,14.34,14.34,14.26,14.3,20,,,,,15.27,15.64,Sell,14.3,15.27,0.063523248
3/28/2014 0:00,8/7/2018 13:10,$VIX,14.24,14.34,14.24,14.33,11,,,,,13.84,14.26,,,,
10/19/2016 0:00,8/7/2018 15:45,$VIX,14.26,14.26,14.24,14.24,3,,,,,14.61,14.83,Sell,14.24,14.61,0.025325119780971884
4/16/2014 0:00,8/7/2018 15:45,$VIX,14.27,14.27,14.23,14.23,5,,,,,14.37,14.95,Sell,14.23,14.37,0.009742519
3/5/2015 0:00,8/7/2018 11:10,$VIX,14.18,14.32,14.18,14.26,11,,,,,13.96,14.22,,,,
1/22/2004 0:00,8/7/2018 10:00,$VIX,14.13,14.23,14.13,14.21,20,,,,,14.06,14.2,,,,
8/11/2014 0:00,8/7/2018 15:45,$VIX,14.14,14.19,14.14,14.19,8,,,,,15.04,15.16,Sell,14.19,15.04,0.056515957446808485
12/2/2016 0:00,8/7/2018 13:10,$VIX,14.03,14.22,14.01,14.22,17,,,,,13.81,14.19,,,,
11/3/2004 0:00,8/7/2018 15:45,$VIX,14.2,14.22,14.16,14.18,20,,,,,14.62,15.18,Sell,14.18,14.62,0.030095759233926093
9/18/2012 0:00,8/7/2018 15:45,$VIX,14.21,14.21,14.18,14.18,3,,,,,14.51,14.88,Sell,14.18,14.51,0.022742935906271543
6/3/2015 0:00,8/7/2018 12:20,$VIX,14.12,14.19,14.12,14.16,11,,,,,13.69,14.18,,,,
4/19/2017 0:00,8/7/2018 13:10,$VIX,14.13,14.23,14.13,14.21,7,,,,,13.78,14.18,,,,
7/21/2004 0:00,8/7/2018 11:05,$VIX,14.08,14.17,14.08,14.15,20,,,,,13.97,14.17,,,,
3/30/2015 0:00,8/7/2018 15:45,$VIX,14.11,14.18,14.11,14.17,8,,,,,14.19,14.76,Sell,14.17,14.19,0.001409443
8/14/2006 0:00,8/7/2018 14:50,$VIX,14.03,14.19,14.02,14.19,20,,,,,13.91,14.16,,,,
3/31/2014 0:00,8/7/2018 11:25,$VIX,14.14,14.16,14.12,14.12,9,,,,,13.88,14.15,,,,
3/21/2014 0:00,8/7/2018 13:10,$VIX,14.04,14.22,14.04,14.21,10,,,,,13.89,14.14,,,,
4/4/2013 0:00,8/7/2018 10:25,$VIX,14.13,14.49,14.13,14.49,11,,,,,14.06,14.13,,,,
4/26/2016 0:00,8/7/2018 10:30,$VIX,14.14,14.14,14.06,14.06,13,,,,,13.95,14.13,,,,
9/8/2004 0:00,8/7/2018 15:45,$VIX,14.03,14.06,14.03,14.04,20,,,,,14.03,14.19,Sell,14.04,14.03,-0.000712758
3/4/2014 0:00,8/7/2018 15:45,$VIX,14.08,14.09,14,14.03,10,,,,,14.24,14.53,Sell,14.03,14.24,0.014747191011236015
3/18/2015 0:00,8/7/2018 15:45,$VIX,13.95,14.02,13.95,14.02,7,,,,,13.69,15.87,,,,
4/20/2017 0:00,8/7/2018 15:45,$VIX,14.02,14.02,13.99,14.01,9,,,,,14.32,14.71,Sell,14.01,14.32,0.021648044692737463
7/11/2013 0:00,8/7/2018 15:35,$VIX,13.98,13.98,13.97,13.97,2,,,,,13.57,13.98,,,,
4/13/2016 0:00,8/7/2018 15:45,$VIX,13.85,13.95,13.83,13.95,13,,,,,14.32,14.53,Sell,13.95,14.32,0.025837988826815712
8/13/2012 0:00,8/7/2018 15:45,$VIX,13.92,13.92,13.89,13.89,6,,,,,14.07,14.67,Sell,13.89,14.07,0.012793176972281429
5/15/2007 0:00,8/7/2018 13:45,$VIX,13.72,13.9,13.72,13.89,15,,,,,13.66,13.88,,,,
1/21/2005 0:00,8/7/2018 13:40,$VIX,13.76,13.89,13.76,13.89,20,,,,,13.5,13.85,,,,
7/8/2016 0:00,8/7/2018 10:20,$VIX,13.82,13.98,13.82,13.9,18,,,,,13.45,13.84,,,,
11/4/2004 0:00,8/7/2018 10:20,$VIX,13.79,13.88,13.78,13.83,20,,,,,13.72,13.83,,,,
9/26/2013 0:00,8/7/2018 10:20,$VIX,13.8,13.84,13.8,13.84,4,,,,,13.64,13.82,,,,
3/6/2014 0:00,8/7/2018 10:05,$VIX,13.81,13.83,13.81,13.83,4,,,,,13.75,13.82,,,,
4/23/2013 0:00,8/7/2018 13:05,$VIX,13.64,14.63,13.64,14.53,7,,,,,13.6,13.81,,,,
5/4/2005 0:00,8/7/2018 15:45,$VIX,13.79,13.84,13.77,13.8,20,,,,,14.44,14.72,Sell,13.8,14.44,0.04432133
1/4/2013 0:00,8/7/2018 15:45,$VIX,13.76,13.81,13.76,13.8,5,,,,,14.21,14.31,Sell,13.8,14.21,0.02885292
8/7/2015 0:00,8/7/2018 10:20,$VIX,13.59,13.84,13.59,13.82,16,,,,,13.47,13.79,,,,
11/5/2004 0:00,8/7/2018 11:00,$VIX,13.72,13.79,13.7,13.71,20,,,,,13.65,13.76,,,,
3/30/2016 0:00,8/7/2018 13:15,$VIX,13.74,13.79,13.74,13.79,8,,,,,13.46,13.76,,,,
9/21/2012 0:00,8/7/2018 15:45,$VIX,13.76,13.76,13.74,13.75,4,,,,,13.92,14.13,Sell,13.75,13.92,0.012212643678160915
5/28/2013 0:00,8/7/2018 10:15,$VIX,13.73,13.74,13.72,13.72,6,,,,,13.58,13.74,,,,
4/9/2014 0:00,8/7/2018 15:45,$VIX,13.78,13.78,13.74,13.74,4,,,,,14.53,14.8,Sell,13.74,14.53,0.054370268
7/6/2006 0:00,8/7/2018 15:45,$VIX,13.67,13.71,13.67,13.71,20,,,,,13.75,14.04,Sell,13.71,13.75,0.002909091
7/18/2013 0:00,8/7/2018 13:55,$VIX,13.65,13.68,13.65,13.68,8,,,,,13.58,13.67,,,,
5/18/2005 0:00,8/7/2018 15:45,$VIX,13.63,13.66,13.63,13.65,20,,,,,13.85,14.13,Sell,13.65,13.85,0.014440433212996338
12/19/2013 0:00,8/7/2018 12:00,$VIX,13.53,13.64,13.53,13.64,10,,,,,13.24,13.6,,,,
8/15/2006 0:00,8/7/2018 13:15,$VIX,13.53,13.63,13.53,13.59,20,,,,,13.46,13.59,,,,
8/26/2016 0:00,8/7/2018 10:00,$VIX,13.23,13.76,13.15,13.15,18,,,,,13.2,13.55,Sell,13.55,13.2,-0.026515152
11/15/2016 0:00,8/7/2018 15:45,$VIX,13.57,13.57,13.54,13.54,4,,,,,14.06,14.42,Sell,13.54,14.06,0.036984353
4/3/2007 0:00,8/7/2018 15:45,$VIX,13.41,13.54,13.41,13.53,12,,,,,13.91,14.06,Sell,13.53,13.91,0.027318475916606813
3/5/2013 0:00,8/7/2018 9:55,$VIX,13.48,13.53,13.45,13.51,9,,,,,13.37,13.51,,,,
5/16/2006 0:00,8/7/2018 11:40,$VIX,13.42,13.61,13.42,13.6,20,,,,,13.08,13.49,,,,
8/17/2012 0:00,8/7/2018 15:45,$VIX,13.48,13.49,13.48,13.48,3,,,,,14.15,14.24,Sell,13.48,14.15,0.047349823
7/28/2015 0:00,8/7/2018 15:45,$VIX,13.44,13.46,13.41,13.44,9,,,,,14.87,15.34,Sell,13.44,14.87,0.096166779
6/10/2015 0:00,8/7/2018 15:45,$VIX,13.44,13.44,13.37,13.4,7,,,,,13.9,14.37,Sell,13.4,13.9,0.035971223
5/6/2005 0:00,8/7/2018 9:55,$VIX,13.37,13.41,13.16,13.16,20,,,,,13.22,13.39,Sell,13.39,13.22,-0.012859304
8/31/2005 0:00,8/7/2018 9:55,$VIX,13.23,13.42,13.19,13.42,20,,,,,13.25,13.38,Sell,13.38,13.25,-0.009811321
1/26/2005 0:00,8/7/2018 15:45,$VIX,13.32,13.38,13.31,13.36,20,,,,,13.63,13.84,Sell,13.36,13.63,0.019809244
4/28/2015 0:00,8/7/2018 9:55,$VIX,13.27,13.36,13.19,13.19,13,,,,,13.2,13.35,Sell,13.35,13.2,-0.011363636
5/25/2007 0:00,8/7/2018 15:45,$VIX,13.3,13.36,13.29,13.3,10,,,,,13.69,13.87,Sell,13.3,13.69,0.028487947406866238
10/17/2013 0:00,8/7/2018 15:45,$VIX,13.3,13.33,13.27,13.28,9,,,,,13.58,14.59,Sell,13.28,13.58,0.022091311
1/24/2006 0:00,8/7/2018 15:45,$VIX,13.25,13.27,13.22,13.27,20,,,,,13.39,13.83,Sell,13.27,13.39,0.008961912
5/2/2014 0:00,8/7/2018 10:45,$VIX,13.14,13.41,13.13,13.41,15,,,,,12.9,13.27,,,,
4/17/2014 0:00,8/7/2018 15:45,$VIX,13.25,13.28,13.25,13.25,6,,,,,13.69,14.17,Sell,13.25,13.69,0.032140248356464535
4/22/2014 0:00,8/7/2018 15:25,$VIX,13.25,13.26,13.23,13.26,7,,,,,13.12,13.25,,,,
10/25/2013 0:00,8/7/2018 9:45,$VIX,13.16,13.25,13.15,13.25,6,,,,,13.15,13.21,Sell,13.21,13.15,-0.004562738
2/8/2013 0:00,8/7/2018 15:40,$VIX,13.2,13.2,13.2,13.2,1,,,,,12.92,13.2,,,,
4/20/2015 0:00,8/7/2018 15:45,$VIX,13.2,13.2,13.15,13.19,8,,,,,13.26,13.67,Sell,13.19,13.26,0.005279035
7/24/2015 0:00,8/7/2018 10:15,$VIX,13.1,13.24,13.1,13.23,11,,,,,12.87,13.17,,,,
11/3/2005 0:00,8/7/2018 14:40,$VIX,13.06,13.18,13.01,13.12,20,,,,,12.82,13.12,,,,
4/2/2013 0:00,8/7/2018 14:40,$VIX,13.04,13.12,13.04,13.12,8,,,,,12.93,13.11,,,,
9/8/2006 0:00,8/7/2018 15:45,$VIX,13.07,13.1,13.07,13.09,20,,,,,13.71,13.8,Sell,13.09,13.71,0.045222465
1/3/2017 0:00,8/7/2018 15:45,$VIX,13.11,13.11,13.05,13.08,11,,,,,13.66,13.98,Sell,13.08,13.66,0.042459736456808214
3/19/2013 0:00,8/7/2018 10:20,$VIX,12.94,13.07,12.93,13.07,9,,,,,12.97,13.07,Sell,13.07,12.97,-0.0077101
5/4/2007 0:00,8/7/2018 12:20,$VIX,12.98,13.14,12.98,13.14,10,,,,,12.88,13.06,,,,
3/7/2013 0:00,8/7/2018 15:45,$VIX,13.05,13.06,13.05,13.06,2,,,,,13.33,13.52,Sell,13.06,13.33,0.020255063765941453
11/10/2004 0:00,8/7/2018 15:45,$VIX,13.02,13.03,13,13.03,20,,,,,13.1,13.24,Sell,13.03,13.1,0.005343511
10/22/2013 0:00,8/7/2018 10:05,$VIX,13.02,13.11,13.02,13.11,10,,,,,12.93,13.03,,,,
6/29/2006 0:00,8/7/2018 15:45,$VIX,13.11,13.13,12.96,13.01,20,,,,,15.16,15.3,Sell,13.01,15.16,0.14182058047493407
4/9/2013 0:00,8/7/2018 15:45,$VIX,12.98,12.99,12.98,12.98,9,,,,,13.11,13.35,Sell,12.98,13.11,0.009916095
10/24/2016 0:00,8/7/2018 10:05,$VIX,12.97,13.07,12.94,13.07,13,,,,,12.84,12.98,,,,
3/26/2013 0:00,8/7/2018 10:40,$VIX,13.02,13.13,13.02,13.13,9,,,,,12.75,12.97,,,,
3/20/2015 0:00,8/7/2018 15:45,$VIX,12.99,12.99,12.94,12.95,9,,,,,13.18,13.53,Sell,12.95,13.18,0.017450682852807316
7/13/2016 0:00,8/7/2018 15:45,$VIX,12.94,12.95,12.92,12.95,10,,,,,13.41,13.79,Sell,12.95,13.41,0.034302759134973965
3/25/2013 0:00,8/7/2018 10:40,$VIX,12.88,13,12.88,13,10,,,,,12.64,12.93,,,,
2/1/2013 0:00,8/7/2018 15:45,$VIX,12.94,12.94,12.91,12.91,4,,,,,13.34,13.38,Sell,12.91,13.34,0.032233883
9/10/2014 0:00,8/7/2018 15:45,$VIX,12.91,12.94,12.9,12.9,5,,,,,13.24,13.59,Sell,12.9,13.24,0.025679758308157087
9/28/2016 0:00,8/7/2018 9:55,$VIX,12.79,12.89,12.77,12.83,16,,,,,12.75,12.88,,,,
11/23/2004 0:00,8/7/2018 11:20,$VIX,12.83,12.86,12.81,12.83,20,,,,,12.76,12.86,,,,
2/9/2006 0:00,8/7/2018 15:25,$VIX,12.76,12.84,12.76,12.82,20,,,,,12.56,12.84,,,,
11/26/2013 0:00,8/7/2018 15:55,$VIX,12.82,12.9,12.82,12.9,7,12.9,,12.72,,12.78,12.84,,,,
3/14/2005 0:00,8/7/2018 13:20,$VIX,12.78,12.86,12.78,12.86,20,,,,,12.73,12.83,,,,
6/9/2005 0:00,8/7/2018 10:10,$VIX,12.62,12.85,12.61,12.84,20,,,,,12.69,12.82,Sell,12.82,12.69,-0.010244287
2/12/2013 0:00,8/7/2018 15:45,$VIX,12.82,12.83,12.81,12.82,6,,,,,12.82,13.12,Sell,12.82,12.82,0
5/31/2007 0:00,8/7/2018 11:05,$VIX,12.78,12.81,12.78,12.8,15,,,,,12.69,12.81,,,,
7/27/2016 0:00,8/7/2018 15:45,$VIX,12.61,12.82,12.61,12.81,16,,,,,12.76,13.02,Sell,12.81,12.76,-0.003918495
5/14/2015 0:00,8/7/2018 15:45,$VIX,12.86,12.86,12.8,12.8,7,,,,,13.08,13.26,Sell,12.8,13.08,0.021406727828746128
5/3/2013 0:00,8/7/2018 15:45,$VIX,12.85,12.85,12.77,12.78,7,,,,,12.85,12.98,Sell,12.78,12.85,0.005447471
5/1/2015 0:00,8/7/2018 15:45,$VIX,12.87,12.88,12.78,12.78,10,,,,,13.56,13.98,Sell,12.78,13.56,0.057522123893805385
3/24/2017 0:00,8/7/2018 12:20,$VIX,12.7,12.78,12.7,12.78,9,,,,,12.54,12.78,,,,
8/10/2015 0:00,8/7/2018 10:35,$VIX,12.69,12.78,12.69,12.75,13,,,,,12.55,12.73,,,,
7/22/2016 0:00,8/7/2018 10:00,$VIX,12.75,12.75,12.62,12.64,9,,,,,12.63,12.73,Sell,12.73,12.63,-0.007917656
11/24/2014 0:00,8/7/2018 15:45,$VIX,12.73,12.73,12.72,12.72,2,,,,,12.8,12.94,Sell,12.72,12.8,0.00625
5/8/2015 0:00,8/7/2018 15:45,$VIX,12.71,12.72,12.7,12.72,6,,,,,13.2,13.42,Sell,12.72,13.2,0.036363636363636265
11/21/2013 0:00,8/7/2018 15:45,$VIX,12.67,12.71,12.67,12.71,7,,,,,12.99,13.09,Sell,12.71,12.99,0.021555042
8/4/2016 0:00,8/7/2018 9:55,$VIX,12.55,12.79,12.55,12.79,17,,,,,12.44,12.67,,,,
5/7/2013 0:00,8/7/2018 9:55,$VIX,12.64,12.66,12.64,12.66,3,,,,,12.59,12.66,,,,
6/22/2015 0:00,8/7/2018 15:45,$VIX,12.59,12.68,12.59,12.66,7,,,,,13.22,13.46,Sell,12.66,13.22,0.042360061
9/28/2005 0:00,8/7/2018 11:45,$VIX,12.59,12.71,12.59,12.71,20,,,,,12.49,12.62,,,,
7/31/2015 0:00,8/7/2018 14:45,$VIX,12.51,12.62,12.44,12.48,14,,,,,12.02,12.62,,,,
5/19/2017 0:00,8/7/2018 15:45,$VIX,12.6,12.64,12.59,12.62,14,,,,,12.6,13.27,Sell,12.62,12.6,-0.001587302
6/13/2014 0:00,8/7/2018 10:15,$VIX,12.62,12.62,12.4,12.4,15,,,,,12.42,12.57,Sell,12.57,12.42,-0.012077295
9/15/2005 0:00,8/7/2018 15:45,$VIX,12.53,12.57,12.53,12.54,20,,,,,12.7,13.17,Sell,12.54,12.7,0.012598425196850406
9/2/2016 0:00,8/7/2018 11:30,$VIX,12.47,12.53,12.43,12.47,12,,,,,12.16,12.53,,,,
11/11/2013 0:00,8/7/2018 15:45,$VIX,12.5,12.52,12.49,12.52,8,,,,,12.79,12.93,Sell,12.52,12.79,0.021110242376856887
1/26/2006 0:00,8/7/2018 15:45,$VIX,12.46,12.48,12.46,12.47,20,,,,,12.57,12.91,Sell,12.47,12.57,0.007955449
4/7/2005 0:00,8/7/2018 15:45,$VIX,12.45,12.47,12.44,12.46,20,,,,,12.87,12.95,Sell,12.46,12.87,0.031857032
5/17/2013 0:00,8/7/2018 15:45,$VIX,12.46,12.47,12.43,12.45,9,,,,,12.74,12.91,Sell,12.45,12.74,0.022762951334379982
5/15/2015 0:00,8/7/2018 15:45,$VIX,12.42,12.42,12.4,12.4,3,,,,,12.41,12.71,Sell,12.4,12.41,0.000805802
11/25/2014 0:00,8/7/2018 15:45,$VIX,12.42,12.43,12.39,12.39,13,,,,,12.42,12.7,Sell,12.39,12.42,0.002415459
1/17/2014 0:00,8/7/2018 13:10,$VIX,12.38,12.54,12.38,12.54,12,,,,,12.21,12.38,,,,
8/18/2014 0:00,8/7/2018 15:45,$VIX,12.41,12.41,12.35,12.36,7,,,,,12.58,12.85,Sell,12.36,12.58,0.017488076311605774
2/14/2006 0:00,8/7/2018 15:45,$VIX,12.36,12.38,12.24,12.35,20,,,,,13,13.12,Sell,12.35,13,0.05
12/3/2014 0:00,8/7/2018 15:45,$VIX,12.26,12.33,12.26,12.32,12,,,,,12.65,12.88,Sell,12.32,12.65,0.026086956521739136
3/20/2013 0:00,8/7/2018 15:45,$VIX,12.34,12.34,12.3,12.31,7,,,,,12.45,13.18,Sell,12.31,12.45,0.011244979919678618
8/14/2017 0:00,8/7/2018 15:45,$VIX,12.37,12.37,12.23,12.28,12,,,,,12.56,13.1,Sell,12.28,12.56,0.022292993630573337
7/18/2014 0:00,8/7/2018 15:45,$VIX,12.27,12.27,12.26,12.27,5,,,,,12.98,13.39,Sell,12.27,12.98,0.054699538
12/15/2004 0:00,8/7/2018 15:45,$VIX,12.3,12.3,12.24,12.25,20,,,,,12.41,12.88,Sell,12.25,12.41,0.012892828364222413
6/7/2005 0:00,8/7/2018 15:30,$VIX,12.2,12.36,12.2,12.28,20,,,,,11.91,12.25,,,,
11/15/2005 0:00,8/7/2018 14:10,$VIX,12.14,12.33,12.13,12.33,20,,,,,12,12.25,,,,
12/5/2014 0:00,8/7/2018 15:50,$VIX,12.24,12.24,12.1,12.12,13,,,,,11.95,12.24,,,,
11/26/2014 0:00,8/7/2018 15:45,$VIX,12.2,12.23,12.2,12.23,5,,,,,12.26,12.4,Sell,12.23,12.26,0.002446982
8/15/2017 0:00,8/7/2018 10:10,$VIX,11.96,12.27,11.96,12.2,16,,,,,11.92,12.22,,,,
5/2/2006 0:00,8/7/2018 10:10,$VIX,12.18,12.21,12.1,12.21,20,,,,,12.11,12.21,Sell,12.21,12.11,-0.008257638
8/18/2006 0:00,8/7/2018 9:50,$VIX,12.06,12.42,12.06,12.42,20,,,,,12.07,12.21,Sell,12.21,12.07,-0.011599006
12/26/2013 0:00,8/7/2018 15:45,$VIX,12.21,12.21,12.21,12.21,1,,,,,12.4,12.5,Sell,12.21,12.4,0.015322581
9/22/2016 0:00,8/7/2018 14:15,$VIX,12.23,12.25,12.2,12.24,9,,,,,11.93,12.21,,,,
1/14/2014 0:00,8/7/2018 15:45,$VIX,12.13,12.22,12.13,12.2,10,,,,,12.59,12.9,Sell,12.2,12.59,0.030976965845909494
7/23/2013 0:00,8/7/2018 10:00,$VIX,12.15,12.22,12.14,12.22,7,,,,,12.09,12.18,,,,
3/1/2017 0:00,8/7/2018 12:25,$VIX,12.13,12.2,12.13,12.2,9,,,,,11.99,12.18,,,,
8/19/2014 0:00,8/7/2018 15:45,$VIX,12.17,12.17,12.16,12.17,7,,,,,12.08,12.4,,,,
8/30/2006 0:00,8/7/2018 15:45,$VIX,12.16,12.16,12.13,12.14,20,,,,,12.1,12.24,,,,
7/16/2015 0:00,8/7/2018 15:45,$VIX,12.08,12.13,12.08,12.13,5,,,,,12.33,12.61,Sell,12.13,12.33,0.016220600162205945
7/23/2015 0:00,8/7/2018 11:35,$VIX,12.05,12.16,12.05,12.15,9,,,,,11.85,12.13,,,,
9/5/2014 0:00,8/7/2018 15:45,$VIX,12.09,12.12,12.09,12.09,7,,,,,12.3,12.94,Sell,12.09,12.3,0.017073170731707384
2/1/2005 0:00,8/7/2018 15:45,$VIX,12.12,12.12,12.08,12.08,20,,,,,12.78,12.85,Sell,12.08,12.78,0.054773083
4/8/2005 0:00,8/7/2018 15:00,$VIX,11.79,12.25,11.79,12.22,20,,,,,11.88,12.06,Sell,12.06,11.88,-0.015151515
8/10/2005 0:00,8/7/2018 12:45,$VIX,11.98,12.07,11.98,11.98,19,,,,,11.86,12.04,,,,
12/8/2005 0:00,8/7/2018 13:00,$VIX,11.94,12.06,11.93,12.06,20,,,,,11.86,12.04,,,,
8/2/2013 0:00,8/7/2018 15:45,$VIX,12.07,12.07,12.03,12.04,9,,,,,12.65,12.7,Sell,12.04,12.65,0.048221344
7/22/2014 0:00,8/7/2018 14:45,$VIX,12.02,12.06,12.02,12.04,7,,,,,11.81,12.03,,,,
11/17/2005 0:00,8/7/2018 10:00,$VIX,11.92,12.07,11.92,12.07,20,,,,,11.88,12,,,,
9/6/2017 0:00,8/7/2018 10:15,$VIX,11.93,12.28,11.88,12.27,19,,,,,11.68,12,,,,
5/22/2014 0:00,8/7/2018 15:45,$VIX,11.87,11.98,11.87,11.98,8,,,,,11.9,12.09,Sell,11.98,11.9,-0.006722689
8/25/2017 0:00,8/7/2018 11:00,$VIX,11.71,11.98,11.71,11.98,18,,,,,11.57,11.97,,,,
1/27/2006 0:00,8/7/2018 15:45,$VIX,11.96,11.96,11.95,11.96,20,,,,,12.07,12.33,Sell,11.96,12.07,0.009113505
3/13/2013 0:00,8/7/2018 15:45,$VIX,11.95,11.95,11.93,11.93,7,,,,,12.16,12.45,Sell,11.93,12.16,0.018914474
1/19/2006 0:00,8/7/2018 15:45,$VIX,11.87,11.89,11.86,11.89,20,,,,,12.06,12.14,Sell,11.89,12.06,0.014096185737976776
9/12/2006 0:00,8/7/2018 15:45,$VIX,11.9,11.92,11.89,11.89,20,,,,,13.04,13.14,Sell,11.89,13.04,0.088190184
6/2/2005 0:00,8/7/2018 15:45,$VIX,11.8,11.86,11.8,11.86,20,,,,,12.31,12.43,Sell,11.86,12.31,0.036555645816409514
11/29/2005 0:00,8/7/2018 10:25,$VIX,11.82,11.84,11.76,11.76,20,,,,,11.75,11.82,,,,
12/6/2016 0:00,8/7/2018 15:45,$VIX,11.84,11.84,11.78,11.79,11,,,,,11.97,12.23,Sell,11.79,11.97,0.015037593984962532
1/20/2017 0:00,8/7/2018 15:45,$VIX,11.85,11.85,11.78,11.78,6,,,,,12.29,12.54,Sell,11.78,12.29,0.041497152156224563
4/26/2006 0:00,8/7/2018 15:15,$VIX,11.76,11.76,11.73,11.75,20,,,,,11.56,11.76,,,,
12/7/2016 0:00,8/7/2018 13:40,$VIX,11.72,11.77,11.7,11.77,14,,,,,11.65,11.76,,,,
7/20/2016 0:00,8/7/2018 13:00,$VIX,11.72,11.77,11.72,11.77,7,,,,,11.61,11.75,,,,
8/11/2016 0:00,8/7/2018 9:45,$VIX,11.64,11.78,11.61,11.76,14,,,,,11.61,11.75,Sell,11.75,11.61,-0.01205857
1/4/2017 0:00,8/7/2018 15:45,$VIX,11.67,11.76,11.67,11.75,13,,,,,12.31,12.54,Sell,11.75,12.31,0.045491470349309546
3/14/2013 0:00,8/7/2018 10:15,$VIX,11.69,11.75,11.69,11.73,10,,,,,11.61,11.71,,,,
6/14/2005 0:00,8/7/2018 10:15,$VIX,11.56,11.67,11.56,11.67,20,,,,,11.55,11.66,,,,
7/23/2014 0:00,8/7/2018 15:45,$VIX,11.67,11.68,11.66,11.66,4,,,,,11.48,12.09,,,,
12/20/2016 0:00,8/7/2018 10:55,$VIX,11.65,11.66,11.5,11.58,6,,,,,11.56,11.66,Sell,11.66,11.56,-0.008650519
3/21/2006 0:00,8/7/2018 15:45,$VIX,11.66,11.66,11.62,11.63,20,,,,,11.67,11.83,Sell,11.63,11.67,0.003427592
2/2/2005 0:00,8/7/2018 15:45,$VIX,11.58,11.64,11.56,11.61,20,,,,,11.95,12.06,Sell,11.61,11.95,0.028451882845188275
6/29/2005 0:00,8/7/2018 9:55,$VIX,11.52,11.58,11.51,11.58,20,,,,,11.5,11.57,,,,
8/18/2016 0:00,8/7/2018 15:45,$VIX,11.57,11.57,11.56,11.57,5,,,,,12.08,12.34,Sell,11.57,12.08,0.042218543
2/1/2017 0:00,8/7/2018 9:55,$VIX,11.5,11.9,11.4,11.9,12,,,,,11.41,11.57,Sell,11.57,11.41,-0.014022787
8/25/2014 0:00,8/7/2018 15:45,$VIX,11.52,11.52,11.51,11.51,2,,,,,11.49,11.77,,,,
9/20/2006 0:00,8/7/2018 15:45,$VIX,11.48,11.49,11.46,11.49,20,,,,,11.64,11.75,Sell,11.49,11.64,0.012886597938144359
2/16/2006 0:00,8/7/2018 15:45,$VIX,11.5,11.5,11.48,11.48,20,,,,,12.18,12.29,Sell,11.48,12.18,0.057471264367816036
1/5/2006 0:00,8/7/2018 9:50,$VIX,11.4,11.46,11.4,11.46,19,,,,,11.37,11.46,,,,
12/7/2006 0:00,8/7/2018 10:30,$VIX,11.41,11.46,11.39,11.41,20,,,,,11.3,11.46,,,,
12/22/2004 0:00,8/7/2018 15:45,$VIX,11.45,11.47,11.45,11.45,20,,,,,11.42,11.71,,,,
7/8/2005 0:00,8/7/2018 15:45,$VIX,11.43,11.45,11.43,11.45,20,,,,,12.1,12.29,Sell,11.45,12.1,0.053719008
3/13/2006 0:00,8/7/2018 15:45,$VIX,11.45,11.46,11.43,11.44,20,,,,,11.63,11.75,Sell,11.44,11.63,0.016337059329320832
4/18/2006 0:00,8/7/2018 15:45,$VIX,11.42,11.44,11.42,11.44,20,,,,,12.43,12.55,Sell,11.44,12.43,0.079646018
4/5/2017 0:00,8/7/2018 10:00,$VIX,11.34,11.42,11.17,11.23,18,,,,,11.26,11.41,Sell,11.41,11.26,-0.013321492
1/6/2017 0:00,8/7/2018 15:45,$VIX,11.37,11.39,11.36,11.39,5,,,,,11.53,11.74,Sell,11.39,11.53,0.012142237640936585
8/9/2016 0:00,8/7/2018 12:20,$VIX,11.36,11.49,11.35,11.46,10,,,,,11.16,11.38,,,,
2/3/2017 0:00,8/7/2018 11:20,$VIX,11.24,11.36,11.16,11.34,12,,,,,11.14,11.3,,,,
6/16/2005 0:00,8/7/2018 12:10,$VIX,11.25,11.36,11.25,11.34,20,,,,,11.24,11.29,,,,
11/18/2005 0:00,8/7/2018 10:25,$VIX,11.22,11.29,11.21,11.28,15,,,,,11.09,11.29,,,,
12/6/2005 0:00,8/7/2018 15:10,$VIX,11.19,11.31,11.19,11.31,20,,,,,11.09,11.27,,,,
8/5/2016 0:00,8/7/2018 15:45,$VIX,11.25,11.29,11.25,11.27,12,,,,,11.44,11.77,Sell,11.27,11.44,0.014860139860139857
1/24/2017 0:00,8/7/2018 15:45,$VIX,11.22,11.22,11.17,11.17,10,,,,,11.46,11.68,Sell,11.17,11.46,0.025305410122164126
9/16/2005 0:00,8/7/2018 15:45,$VIX,11.1,11.19,11.08,11.16,20,,,,,11.68,11.93,Sell,11.16,11.68,0.044520547945205435
7/7/2017 0:00,8/7/2018 15:45,$VIX,10.98,11.11,10.98,11.11,10,,,,,11.86,12.11,Sell,11.11,11.86,0.063237774
10/31/2006 0:00,8/7/2018 15:50,$VIX,11.02,11.13,11.02,11.13,20,,,,,11.04,11.1,Sell,11.1,11.04,-0.005434783
1/6/2006 0:00,8/7/2018 15:45,$VIX,11.03,11.07,11.03,11.06,19,,,,,11.17,11.31,Sell,11.06,11.17,0.009847807
11/10/2006 0:00,8/7/2018 13:25,$VIX,11,11.05,11,11.02,11,,,,,10.95,11.05,,,,
1/30/2007 0:00,8/7/2018 15:45,$VIX,11.05,11.06,11.03,11.04,19,,,,,11.24,11.37,Sell,11.04,11.24,0.017793594306049914
6/6/2014 0:00,8/7/2018 15:45,$VIX,11.01,11.01,10.99,11,4,,,,,11.29,11.37,Sell,11,11.29,0.025686448
8/31/2017 0:00,8/7/2018 9:50,$VIX,10.85,11,10.85,10.9,19,,,,,10.73,10.99,,,,
12/2/2005 0:00,8/7/2018 15:45,$VIX,10.99,10.99,10.94,10.95,20,,,,,11.08,11.23,Sell,10.95,11.08,0.011732851985559638
5/22/2017 0:00,8/7/2018 15:45,$VIX,10.92,10.97,10.92,10.93,9,,,,,11.32,11.84,Sell,10.93,11.32,0.034452296819788036
3/29/2006 0:00,8/7/2018 15:45,$VIX,10.91,10.92,10.89,10.9,20,,,,,11.4,11.53,Sell,10.9,11.4,0.043859649
6/13/2017 0:00,8/7/2018 10:55,$VIX,10.85,10.91,10.76,10.91,14,,,,,10.55,10.87,,,,
12/11/2006 0:00,8/7/2018 15:45,$VIX,10.85,10.86,10.81,10.85,20,,,,,11.74,11.93,Sell,10.85,11.74,0.075809199
12/22/2005 0:00,8/7/2018 9:45,$VIX,10.81,10.89,10.76,10.76,20,,,,,10.76,10.84,Sell,10.84,10.76,-0.007434944
1/25/2017 0:00,8/7/2018 9:45,,10.8,10.8,10.8,10.8,,,,,,10.8,10.8,Sell,10.8,10.8,0
12/21/2005 0:00,8/7/2018 14:50,$VIX,10.72,10.8,10.72,10.78,20,,,,,10.63,10.78,,,,
11/9/2006 0:00,8/7/2018 10:00,$VIX,10.62,10.73,10.61,10.73,20,,,,,10.61,10.7,Sell,10.7,10.61,-0.008482564
7/15/2005 0:00,8/7/2018 11:15,$VIX,10.69,10.7,10.56,10.56,20,,,,,10.58,10.68,Sell,10.68,10.58,-0.009451796
12/27/2006 0:00,8/7/2018 15:45,$VIX,10.61,10.68,10.6,10.67,20,,,,,10.69,11.12,Sell,10.67,10.69,0.001870907
12/16/2005 0:00,8/7/2018 15:45,$VIX,10.51,10.66,10.49,10.66,20,,,,,10.61,10.75,Sell,10.66,10.61,-0.004712535
6/19/2014 0:00,8/7/2018 10:55,$VIX,10.57,10.63,10.57,10.61,12,,,,,10.48,10.63,,,,
6/16/2017 0:00,8/7/2018 15:45,$VIX,10.62,10.64,10.58,10.58,11,,,,,10.73,11.13,Sell,10.58,10.73,0.013979496738117459
12/13/2006 0:00,8/7/2018 10:30,$VIX,10.41,10.58,10.4,10.58,16,,,,,10.44,10.54,Sell,10.54,10.44,-0.009578544
2/7/2007 0:00,8/7/2018 14:35,$VIX,10.41,10.49,10.41,10.47,20,,,,,10.27,10.47,,,,
5/16/2017 0:00,8/7/2018 10:40,$VIX,10.35,10.51,10.35,10.49,14,,,,,10.26,10.43,,,,
6/22/2017 0:00,8/7/2018 15:45,$VIX,10.43,10.43,10.4,10.41,9,,,,,10.75,11.01,Sell,10.41,10.75,0.031627906976744176
7/19/2005 0:00,8/7/2018 15:45,$VIX,10.4,10.42,10.39,10.39,20,,,,,10.59,10.74,Sell,10.39,10.59,0.018885741
2/13/2007 0:00,8/7/2018 15:45,$VIX,10.36,10.4,10.36,10.39,20,,,,,11.15,11.42,Sell,10.39,11.15,0.068161435
1/24/2007 0:00,8/7/2018 9:55,$VIX,10.28,10.37,10.28,10.32,17,,,,,10.21,10.37,,,,
9/26/2017 0:00,8/7/2018 10:30,$VIX,10.19,10.27,10.16,10.26,15,,,,,9.98,10.26,,,,
12/20/2006 0:00,8/7/2018 15:45,$VIX,10.13,10.15,10.13,10.14,20,,,,,10.19,10.33,Sell,10.14,10.19,0.004906771
6/1/2017 0:00,8/7/2018 15:45,$VIX,10.03,10.03,9.97,9.99,11,,,,,10.21,10.54,Sell,9.99,10.21,0.021547502448579885
5/24/2017 0:00,8/7/2018 15:45,$VIX,9.93,9.99,9.93,9.98,10,,,,,10.6,10.88,Sell,9.98,10.6,0.058490566037735774
10/20/2017 0:00,8/7/2018 15:45,$VIX,9.8,9.94,9.8,9.91,13,,,,,9.63,10.02,,,,
7/19/2017 0:00,8/7/2018 12:25,$VIX,9.85,9.91,9.85,9.91,5,,,,,9.74,9.9,,,,
6/9/2017 0:00,8/7/2018 12:35,$VIX,9.85,9.89,9.78,9.8,17,,,,,9.74,9.85,,,,
5/8/2017 0:00,8/7/2018 15:45,$VIX,9.78,9.81,9.77,9.79,9,,,,,10.05,10.37,Sell,9.79,10.05,0.025870647
12/15/2006 0:00,8/7/2018 14:40,$VIX,9.76,9.87,9.75,9.81,20,,,,,9.58,9.77,,,,
10/11/2017 0:00,8/7/2018 15:45,$VIX,9.76,9.78,9.74,9.74,9,,,,,10,10.17,Sell,9.74,10,0.025999999999999975
10/5/2017 0:00,8/7/2018 12:55,$VIX,9.45,9.52,9.44,9.52,8,,,,,9.4,9.52,,,,
7/26/2017 0:00,8/7/2018 10:55,$VIX,9.43,9.49,9.4,9.49,10,,,,,9.31,9.46,,,,
7/27/2017 0:00,8/7/2018 12:30,$VIX,9.32,9.49,9.32,9.42,14,,,,,9.29,9.44,,,,
